"log_id","log_date","log_time","year","month","machine_id","machine_name","machine_model","machine_type","manufacturer","factory_id","factory_name","assembly_line_id","assembly_line_name","temperature","humidity","pressure","vibration","rpm","power","status","health_score","maintenance_alert","efficiency","uptime","downtime","idletime","production_count","errorcode","error_code","last_maintenance_date","next_maintenance_date"
"LOG00000001","04-09-2024","01:40:21",2024,10,"MACH00002","Machine 2","MODEL-3308","Hydraulic Press","ABB","FAC02","Factory 2","LINE002","Assembly Line 2","29.2","52.2","4.27","31.59",3101,"46.16","Idle","98.78","No","70.08",12,5,2,2230,"E002","Error condition E002","16-10-2024","28-05-2024"
"LOG00000002","15-07-2024","21:06:26",2024,4,"MACH00003","Machine 3","MODEL-3540","Conveyor","Fanuc","FAC03","Factory 3","LINE003","Assembly Line 3","75.6","67.7","4.98","22.47",6951,"38.77","Maintenance","55.06","Yes","63.52",3,4,11,5638,"E003","Error condition E003","12-03-2024","15-03-2024"
"LOG00000003","23-10-2024","03:42:16",2024,7,"MACH00004","Machine 4","MODEL-5546","Robot Arm","KUKA","FAC04","Factory 4","LINE004","Assembly Line 4","46.4","32.7","8.48","0.61",8667,"6.97","Error","52.76","Yes","91.76",2,0,10,5262,"E004","Error condition E004","08-05-2024","05-06-2024"
"LOG00000004","25-04-2024","00:28:06",2024,8,"MACH00005","Machine 5","MODEL-5658","Welder","Bosch","FAC05","Factory 5","LINE005","Assembly Line 5","28.3","66.9","9.81","10.71",428,"49.22","Stopped","67.78","Yes","69.57",16,11,24,5761,"E005","Error condition E005","26-02-2024","09-10-2024"
"LOG00000005","11-09-2024","05:14:55",2024,5,"MACH00006","Machine 6","MODEL-7886","Drill","Mitsubishi","FAC06","Factory 6","LINE006","Assembly Line 6","51.4","44.4","5.02","38.99",1014,"45.72","Running","68.98","Yes","72.2",13,19,9,6069,"None","No errors","21-11-2024","12-10-2024"
"LOG00000006","22-04-2024","20:07:51",2024,11,"MACH00007","Machine 7","MODEL-THREEFOURFIVEFOUR","Lathe","Yaskawa","FAC07","Factory 7","LINE007","Assembly Line 7","79.7","68.3","7.64","18.94",4918,"6.03","Idle","82.71","No","68.11",21,11,19,6567,"E001","Error condition E001","25-06-2024","10-12-2024"
"LOG00000007","20-11-2024","22:20:02",2024,7,"MACH00008","Machine 8","MODEL-6593","Compressor","Omron","FAC08","Factory 8","LINE008","Assembly Line 8","31","56.5","5.83","8.86",8290,"48","Maintenance","58.4","Yes","71.38",2,18,10,7505,"E002","Error condition E002","03-05-2024","13-10-2024"
"LOG00000008","10-06-2024","06:57:24",2024,8,"MACH00009","Machine 9","MODEL-8090","CNC Machine","Siemens","FAC01","Factory 1","LINE009","Assembly Line 9","61.4","31","9.16","48.12",6325,"49.22","Error","73.94","No","82.03",5,12,20,609,"E003","Error condition E003","04-10-2024","27-02-2024"
"LOG00000009","05-12-2024","10:26:22",2024,2,"MACH00010","Machine 10","MODEL-9826","Hydraulic Press","ABB","FAC02","Factory 2","LINE010","Assembly Line 10","72.7","36.4","3.43","47.51",2574,"2.9","Stopped","91.96","No","82.41",2,0,13,5544,"E004","Error condition E004","02-02-2024","01-08-2024"
"LOG00000010","07-08-2024","18:19:28",2024,4,"MACH00011","Machine 11","MODEL-6824","Conveyor","Fanuc","FAC03","Factory 3","LINE011","Assembly Line 11","61.3","72.1","4.8","33.57",5764,"0.57","Running","58.76","Yes","84.5",1,14,7,5973,"E005","Error condition E005","22-12-2024","21-08-2024"
"LOG00000011","07-10-2024","07:38:10",2024,1,"MACH00012","Machine 12","MODEL-6174","Robot Arm","KUKA","FAC04","Factory 4","LINE012","Assembly Line 12","31.8","44.4","9.79","16.65",4861,"41.35","Idle","55.79","Yes","92",10,3,14,8554,"None","No errors","13-09-2024","27-09-2024"
"LOG00000012","28-08-2024","09:43:12",2024,4,"MACH00013","Machine 13","MODEL-2817","Welder","Bosch","FAC05","Factory 5","LINE013","Assembly Line 13","30.9","77.5","2.3","40.68",9946,"33.94","Maintenance","90.79","No","65.64",1,10,14,8495,"E001","Error condition E001","26-05-2024","21-12-2024"
"LOG00000013","02-11-2024","03:37:43",2024,10,"MACH00014","Machine 14","MODEL-8684","Drill","Mitsubishi","FAC06","Factory 6","LINE014","Assembly Line 14","60.8","46.1","0.58","46.7",4739,"44.07","Error","76.78","No","68.31",19,21,2,9849,"E002","Error condition E002","16-07-2024","28-12-2024"
"LOG00000014","23-09-2024","14:34:57",2024,1,"MACH00015","Machine 15","MODEL-7187","Lathe","Yaskawa","FAC07","Factory 7","LINE015","Assembly Line 15","37.7","63.3","4.6","33.53",9060,"48.13","Stopped","63","Yes","99.62",0,1,22,4696,"E003","Error condition E003","24-01-2024","22-02-2024"
"LOG00000015","04-01-2024","16:36:04",2024,7,"MACH00016","Machine 16","MODEL-3542","Compressor","Omron","FAC08","Factory 8","LINE016","Assembly Line 16","28.4","61.2","0.53","20.05",2187,"27.99","Running","74.72","No","72.93",12,17,24,5321,"E004","Error condition E004","20-11-2024","28-04-2024"
"LOG00000016","14-05-2024","04:26:03",2024,3,"MACH00017","Machine 17","MODEL-4017","CNC Machine","Siemens","FAC01","Factory 1","LINE017","Assembly Line 17","36.6","50.4","9.39","31.04",5910,"26.96","Idle","53.51","Yes","60.27",15,23,6,9659,"E005","Error condition E005","18-12-2024","17-08-2024"
"LOG00000017","20-03-2024","09:38:53",2024,10,"MACH00018","Machine 18","MODEL-4550","Hydraulic Press","ABB","FAC02","Factory 2","LINE018","Assembly Line 18","24.7","73.7","6.87","11.62",822,"37.36","Maintenance","78.06","No","60.5",8,19,17,2160,"None","No errors","18-02-2024","06-05-2024"
"LOG00000018","07-05-2024","20:46:01",2024,2,"MACH00019","Machine 19","MODEL-9592","Conveyor","Fanuc","FAC03","Factory 3","LINE019","Assembly Line 19","49.3","47.4","4.32","6.69",6253,"30.1","Error","69.18","Yes","98.05",16,10,15,1008,"E001","Error condition E001","01-05-2024","25-06-2024"
"LOG00000019","26-09-2024","14:11:35",2024,6,"MACH00020","Machine 20","MODEL-7901","Robot Arm","KUKA","FAC04","Factory 4","LINE020","Assembly Line 20","60.8","31.9","0.91","33.07",2803,"24.43","Stopped","72.58","No","99.67",14,12,5,1363,"E002","Error condition E002","17-12-2024","26-09-2024"
"LOG00000020","04-01-2024","06:42:39",2024,9,"MACH00021","Machine 21","MODEL-2132","Welder","Bosch","FAC05","Factory 5","LINE021","Assembly Line 21","35.1","78.5","8.25","30.9",4100,"14.22","Running","51.05","Yes","78.36",0,24,22,5256,"E003","Error condition E003","24-06-2024","01-03-2024"
"LOG00000021","26-11-2024","16:10:52",2024,6,"MACH00022","Machine 22","MODEL-2996","Drill","Mitsubishi","FAC06","Factory 6","LINE022","Assembly Line 22","41.7","74.3","0.86","28.78",5983,"27.28","Idle","61.07","Yes","77.31",20,19,13,738,"E004","Error condition E004","12-12-2024","15-08-2024"
"LOG00000022","11-12-2024","12:22:39",2024,2,"MACH00023","Machine 23","MODEL-6822","Lathe","Yaskawa","FAC07","Factory 7","LINE023","Assembly Line 23","52.4","61.9","1.52","38.63",2779,"5.41","Maintenance","87.49","No","99.91",14,24,6,6309,"E005","Error condition E005","06-11-2024","16-09-2024"
"LOG00000023","17-05-2024","23:25:55",2024,9,"MACH00024","Machine 24","MODEL-8478","Compressor","Omron","FAC08","Factory 8","LINE024","Assembly Line 24","74.8","42.2","0.84","37.74",677,"33.88","Error","91.36","No","89.66",6,19,20,3665,"None","No errors","26-08-2024","10-10-2024"
"LOG00000024","25-04-2024","23:39:24",2024,6,"MACH00025","Machine 25","MODEL-8194","CNC Machine","Siemens","FAC01","Factory 1","LINE025","Assembly Line 25","48","31.3","8.44","45.49",7361,"47.66","Stopped","65.24","Yes","75.92",5,22,13,3990,"E001","Error condition E001","04-04-2024","18-12-2024"
"LOG00000025","05-11-2024","11:51:33",2024,5,"MACH00026","Machine 26","MODEL-4660","Hydraulic Press","ABB","FAC02","Factory 2","LINE026","Assembly Line 26","71.1","39.7","1.29","23.26",8882,"20.72","Running","94.07","No","86.06",7,22,1,302,"E002","Error condition E002","03-04-2024","26-06-2024"
"LOG00000026","12-05-2024","23:44:50",2024,8,"MACH00027","Machine 27","MODEL-3357","Conveyor","Fanuc","FAC03","Factory 3","LINE027","Assembly Line 27","77.4","33.6","8.78","3.83",6540,"17.84","Idle","65.59","Yes","95.61",7,16,11,2454,"E003","Error condition E003","23-05-2024","17-05-2024"
"LOG00000027","16-05-2024","07:38:57",2024,12,"MACH00028","Machine 28","MODEL-1519","Robot Arm","KUKA","FAC04","Factory 4","LINE028","Assembly Line 28","40.9","41.5","0.9","25.22",8014,"18.13","Maintenance","76.7","No","86.61",1,22,20,4479,"E004","Error condition E004","18-06-2024","28-05-2024"
"LOG00000028","17-07-2024","13:48:52",2024,7,"MACH00029","Machine 29","MODEL-2972","Welder","Bosch","FAC05","Factory 5","LINE029","Assembly Line 29","21.9","68.8","6.69","4.67",9284,"6.71","Error","57.46","Yes","80.23",20,23,10,3744,"E005","Error condition E005","20-02-2024","03-06-2024"
"LOG00000029","11-04-2024","10:06:30",2024,8,"MACH00030","Machine 30","MODEL-7451","Drill","Mitsubishi","FAC06","Factory 6","LINE030","Assembly Line 30","43.3","43.8","1.3","39.03",4600,"25.76","Stopped","93.78","No","96.58",17,24,16,7152,"None","No errors","26-11-2024","16-03-2024"
"LOG00000030","15-05-2024","07:03:55",2024,4,"MACH00031","Machine 31","MODEL-4703","Lathe","Yaskawa","FAC07","Factory 7","LINE001","Assembly Line 1","74.3","65.2","7.17","47.88",4908,"44.01","Running","65.87","Yes","75.25",13,15,20,5977,"E001","Error condition E001","19-01-2024","14-06-2024"
"LOG00000031","23-05-2024","08:37:53",2024,3,"MACH00032","Machine 32","MODEL-3529","Compressor","Omron","FAC08","Factory 8","LINE002","Assembly Line 2","43.9","41.1","5.36","35.12",5314,"48.11","Idle","72.38","No","70.93",8,7,18,4482,"E002","Error condition E002","11-12-2024","01-03-2024"
"LOG00000032","04-08-2024","10:45:23",2024,2,"MACH00033","Machine 33","MODEL-7280","CNC Machine","Siemens","FAC01","Factory 1","LINE003","Assembly Line 3","54.9","70.5","9.26","11.66",4286,"46.39","Maintenance","92.39","No","70.91",14,15,4,8389,"E003","Error condition E003","09-07-2024","20-10-2024"
"LOG00000033","08-09-2024","22:08:53",2024,5,"MACH00034","Machine 34","MODEL-7036","Hydraulic Press","ABB","FAC02","Factory 2","LINE004","Assembly Line 4","66.2","45.5","3.96","39.63",3736,"12.16","Error","68.16","Yes","68.38",17,14,20,8820,"E004","Error condition E004","20-04-2024","13-05-2024"
"LOG00000034","22-06-2024","07:17:35",2024,8,"MACH00035","Machine 35","MODEL-6319","Conveyor","Fanuc","FAC03","Factory 3","LINE005","Assembly Line 5","28.9","35.6","9.95","24.61",3388,"0.96","Stopped","96.3","No","90.42",19,21,6,4587,"E005","Error condition E005","25-12-2024","19-05-2024"
"LOG00000035","21-08-2024","19:09:59",2024,3,"MACH00036","Machine 36","MODEL-4289","Robot Arm","KUKA","FAC04","Factory 4","LINE006","Assembly Line 6","47.4","63.1","3.94","20.36",2637,"28.02","Running","74.78","No","64.64",23,12,14,4375,"None","No errors","16-02-2024","10-06-2024"
"LOG00000036","22-11-2024","23:31:32",2024,2,"MACH00037","Machine 37","MODEL-5463","Welder","Bosch","FAC05","Factory 5","LINE007","Assembly Line 7","34.9","34.3","2.76","44.79",249,"37.53","Idle","73.54","No","95.96",18,8,4,5480,"E001","Error condition E001","03-08-2024","05-02-2024"
"LOG00000037","11-11-2024","13:35:34",2024,12,"MACH00038","Machine 38","MODEL-3810","Drill","Mitsubishi","FAC06","Factory 6","LINE008","Assembly Line 8","77.4","39.3","8.52","43.01",8232,"37.4","Maintenance","54.71","Yes","92.02",8,15,3,7785,"E002","Error condition E002","06-08-2024","15-05-2024"
"LOG00000038","12-07-2024","20:59:56",2024,5,"MACH00039","Machine 39","MODEL-9661","Lathe","Yaskawa","FAC07","Factory 7","LINE009","Assembly Line 9","33.4","65.3","3.91","46.25",2418,"19.01","Error","69.29","Yes","85.79",24,6,6,1089,"E003","Error condition E003","07-10-2024","15-09-2024"
"LOG00000039","01-07-2024","12:57:26",2024,8,"MACH00040","Machine 40","MODEL-6692","Compressor","Omron","FAC08","Factory 8","LINE010","Assembly Line 10","51.4","35.4","1.3","33.11",5745,"30.12","Stopped","96.49","No","86.66",11,12,20,7067,"E004","Error condition E004","21-07-2024","27-08-2024"
"LOG00000040","01-04-2024","21:09:50",2024,9,"MACH00041","Machine 41","MODEL-8087","CNC Machine","Siemens","FAC01","Factory 1","LINE011","Assembly Line 11","46.4","46.6","2.25","9.37",5918,"45.2","Running","66.36","Yes","98.93",2,3,7,6173,"E005","Error condition E005","19-10-2024","25-12-2024"
"LOG00000041","07-09-2024","11:52:03",2024,6,"MACH00042","Machine 42","MODEL-4589","Hydraulic Press","ABB","FAC02","Factory 2","LINE012","Assembly Line 12","53.1","53.9","8.87","34.2",8344,"45.99","Idle","78.51","No","72.89",19,15,24,427,"None","No errors","26-11-2024","22-11-2024"
"LOG00000042","06-07-2024","21:44:44",2024,9,"MACH00043","Machine 43","MODEL-4717","Conveyor","Fanuc","FAC03","Factory 3","LINE013","Assembly Line 13","75.8","62.6","1.59","21.48",7574,"6.87","Maintenance","50.99","Yes","81.27",5,0,12,5490,"E001","Error condition E001","17-06-2024","22-05-2024"
"LOG00000043","08-05-2024","05:27:01",2024,9,"MACH00044","Machine 44","MODEL-6951","Robot Arm","KUKA","FAC04","Factory 4","LINE014","Assembly Line 14","73.9","32.7","8.1","25.5",489,"29.84","Error","97.72","No","81.65",19,1,10,4666,"E002","Error condition E002","09-12-2024","23-06-2024"
"LOG00000044","27-03-2024","23:37:57",2024,10,"MACH00045","Machine 45","MODEL-7537","Welder","Bosch","FAC05","Factory 5","LINE015","Assembly Line 15","46.4","43.3","1.65","21.45",2574,"36.55","Stopped","78.83","No","85.96",14,13,13,5244,"E003","Error condition E003","21-10-2024","20-09-2024"
"LOG00000045","05-11-2024","01:39:48",2024,12,"MACH00046","Machine 46","MODEL-3792","Drill","Mitsubishi","FAC06","Factory 6","LINE016","Assembly Line 16","50.5","53.8","1.54","7.51",9278,"44.63","Running","72.26","No","88.01",23,17,2,6054,"E004","Error condition E004","05-10-2024","17-02-2024"
"LOG00000046","06-11-2024","03:24:38",2024,11,"MACH00047","Machine 47","MODEL-7099","Lathe","Yaskawa","FAC07","Factory 7","LINE017","Assembly Line 17","40","53","4.27","38.53",1006,"7.33","Idle","92.04","No","93.23",7,15,0,8731,"E005","Error condition E005","01-04-2024","10-08-2024"
"LOG00000047","23-11-2024","13:06:49",2024,9,"MACH00048","Machine 48","MODEL-3219","Compressor","Omron","FAC08","Factory 8","LINE018","Assembly Line 18","63.1","30.2","1.47","39.54",5901,"47.29","Maintenance","61.05","Yes","74.87",8,1,8,1173,"None","No errors","10-03-2024","08-05-2024"
"LOG00000048","01-06-2024","04:41:40",2024,1,"MACH00049","Machine 49","MODEL-7622","CNC Machine","Siemens","FAC01","Factory 1","LINE019","Assembly Line 19","79.4","79.4","5.68","40.13",9417,"16.82","Error","70.09","No","72.74",20,6,20,923,"E001","Error condition E001","04-08-2024","03-12-2024"
"LOG00000049","20-09-2024","08:58:03",2024,7,"MACH00050","Machine 50","MODEL-2867","Hydraulic Press","ABB","FAC02","Factory 2","LINE020","Assembly Line 20","41.3","39.4","3.35","0.83",6467,"5.91","Stopped","54.15","Yes","97.6",17,5,19,2385,"E002","Error condition E002","12-11-2024","21-10-2024"
"LOG00000050","20-07-2024","17:22:30",2024,7,"MACH00051","Machine 51","MODEL-9342","Conveyor","Fanuc","FAC03","Factory 3","LINE021","Assembly Line 21","60.9","61.8","5.01","44.87",2294,"25.04","Running","56.09","Yes","65.98",11,11,24,2515,"E003","Error condition E003","04-05-2024","26-09-2024"
"LOG00000051","07-08-2024","13:33:20",2024,2,"MACH00052","Machine 52","MODEL-1139","Robot Arm","KUKA","FAC04","Factory 4","LINE022","Assembly Line 22","76.6","68.4","3.32","41.63",5548,"37.8","Idle","70.08","No","68.09",11,2,4,7703,"E004","Error condition E004","01-06-2024","28-04-2024"
"LOG00000052","08-04-2024","22:10:05",2024,11,"MACH00053","Machine 53","MODEL-3962","Welder","Bosch","FAC05","Factory 5","LINE023","Assembly Line 23","45.7","43.2","7.84","20.18",6009,"14.32","Maintenance","83.85","No","79.46",21,23,10,1042,"E005","Error condition E005","11-07-2024","24-08-2024"
"LOG00000053","20-12-2024","12:43:12",2024,6,"MACH00054","Machine 54","MODEL-4700","Drill","Mitsubishi","FAC06","Factory 6","LINE024","Assembly Line 24","35.8","34.4","4.48","3.73",8330,"7.94","Error","88.86","No","91.73",19,22,6,6202,"None","No errors","26-02-2024","19-02-2024"
"LOG00000054","21-06-2024","05:53:37",2024,5,"MACH00055","Machine 55","MODEL-9071","Lathe","Yaskawa","FAC07","Factory 7","LINE025","Assembly Line 25","30.4","34.9","6.95","5.13",1740,"32.43","Stopped","80.43","No","61.75",17,23,6,7361,"E001","Error condition E001","02-07-2024","14-10-2024"
"LOG00000055","07-11-2024","03:44:15",2024,10,"MACH00056","Machine 56","MODEL-1844","Compressor","Omron","FAC08","Factory 8","LINE026","Assembly Line 26","35.5","62.2","0.69","26",437,"18.07","Running","99.58","No","94.9",12,7,9,6718,"E002","Error condition E002","20-04-2024","06-01-2024"
"LOG00000056","16-01-2024","17:22:35",2024,6,"MACH00057","Machine 57","MODEL-5398","CNC Machine","Siemens","FAC01","Factory 1","LINE027","Assembly Line 27","42.5","77.5","8.49","14.37",5471,"1.66","Idle","85.91","No","97.12",1,14,8,3278,"E003","Error condition E003","12-01-2024","12-09-2024"
"LOG00000057","25-05-2024","05:07:51",2024,5,"MACH00058","Machine 58","MODEL-1007","Hydraulic Press","ABB","FAC02","Factory 2","LINE028","Assembly Line 28","20.3","41.6","6.74","5.93",2585,"35.28","Maintenance","60.67","Yes","62.26",9,23,16,4898,"E004","Error condition E004","01-09-2024","09-12-2024"
"LOG00000058","17-06-2024","22:48:24",2024,1,"MACH00059","Machine 59","MODEL-6073","Conveyor","Fanuc","FAC03","Factory 3","LINE029","Assembly Line 29","29.5","33.3","7.08","31.81",1960,"16.81","Error","81.22","No","92.87",7,19,4,2082,"E005","Error condition E005","06-11-2024","26-08-2024"
"LOG00000059","15-02-2024","11:40:45",2024,5,"MACH00060","Machine 60","MODEL-5611","Robot Arm","KUKA","FAC04","Factory 4","LINE030","Assembly Line 30","62.8","43.5","3.9","48.4",7803,"40.09","Stopped","86.4","No","73.68",7,12,4,5373,"None","No errors","23-01-2024","10-01-2024"
"LOG00000060","13-01-2024","03:08:01",2024,7,"MACH00061","Machine 61","MODEL-9960","Welder","Bosch","FAC05","Factory 5","LINE001","Assembly Line 1","64.7","71.8","6.43","37.14",1243,"27.23","Running","67.03","Yes","97.22",19,0,22,1664,"E001","Error condition E001","27-06-2024","18-01-2024"
"LOG00000061","01-12-2024","09:33:01",2024,6,"MACH00062","Machine 62","MODEL-7032","Drill","Mitsubishi","FAC06","Factory 6","LINE002","Assembly Line 2","25.6","58","1.81","48.23",3831,"13.54","Idle","50.1","Yes","84.82",22,4,11,7212,"E002","Error condition E002","27-11-2024","23-12-2024"
"LOG00000062","05-05-2024","15:06:07",2024,6,"MACH00063","Machine 63","MODEL-2102","Lathe","Yaskawa","FAC07","Factory 7","LINE003","Assembly Line 3","48.2","35.4","6.32","7.75",4741,"18.43","Maintenance","94.58","No","73.42",3,14,13,9863,"E003","Error condition E003","03-08-2024","21-02-2024"
"LOG00000063","04-02-2024","19:18:01",2024,6,"MACH00064","Machine 64","MODEL-6030","Compressor","Omron","FAC08","Factory 8","LINE004","Assembly Line 4","45.3","67.4","9.28","9.58",1750,"44.89","Error","53.65","Yes","64.84",24,18,22,3642,"E004","Error condition E004","05-03-2024","12-08-2024"
"LOG00000064","28-07-2024","16:03:22",2024,1,"MACH00065","Machine 65","MODEL-5784","CNC Machine","Siemens","FAC01","Factory 1","LINE005","Assembly Line 5","68.7","67.4","8.36","46.92",776,"20.23","Stopped","71.3","No","61.22",14,22,5,6042,"E005","Error condition E005","02-12-2024","25-09-2024"
"LOG00000065","21-03-2024","06:31:36",2024,12,"MACH00066","Machine 66","MODEL-4877","Hydraulic Press","ABB","FAC02","Factory 2","LINE006","Assembly Line 6","33.6","68","2.65","3.07",5592,"5.41","Running","66.47","Yes","86.49",8,24,8,5134,"None","No errors","01-09-2024","08-05-2024"
"LOG00000066","28-07-2024","15:23:59",2024,2,"MACH00067","Machine 67","MODEL-9422","Conveyor","Fanuc","FAC03","Factory 3","LINE007","Assembly Line 7","66.1","36.7","1.93","47.49",7525,"22.8","Idle","94.56","No","88.1",20,24,20,4212,"E001","Error condition E001","14-05-2024","12-01-2024"
"LOG00000067","19-09-2024","02:01:39",2024,3,"MACH00068","Machine 68","MODEL-4379","Robot Arm","KUKA","FAC04","Factory 4","LINE008","Assembly Line 8","64.6","62.8","7.32","49.79",6686,"13.02","Maintenance","66.48","Yes","70.84",2,5,12,8038,"E002","Error condition E002","14-11-2024","22-02-2024"
"LOG00000068","27-04-2024","01:32:58",2024,5,"MACH00069","Machine 69","MODEL-7330","Welder","Bosch","FAC05","Factory 5","LINE009","Assembly Line 9","35.3","33.2","3.08","34.35",3360,"8.11","Error","51.46","Yes","62.7",24,11,3,5457,"E003","Error condition E003","20-12-2024","10-08-2024"
"LOG00000069","07-04-2024","12:38:21",2024,4,"MACH00070","Machine 70","MODEL-3900","Drill","Mitsubishi","FAC06","Factory 6","LINE010","Assembly Line 10","67.9","69.1","6.54","17.35",9837,"49.11","Stopped","62.15","Yes","77.01",5,22,7,3416,"E004","Error condition E004","03-07-2024","22-05-2024"
"LOG00000070","06-08-2024","12:21:06",2024,10,"MACH00071","Machine 71","MODEL-2778","Lathe","Yaskawa","FAC07","Factory 7","LINE011","Assembly Line 11","74","41.2","7.96","16.57",9370,"19.36","Running","88.69","No","92.06",4,21,8,4808,"E005","Error condition E005","08-07-2024","21-07-2024"
"LOG00000071","12-10-2024","02:42:53",2024,12,"MACH00072","Machine 72","MODEL-2405","Compressor","Omron","FAC08","Factory 8","LINE012","Assembly Line 12","46.3","47.7","1.77","11.33",3541,"5.83","Idle","68.07","Yes","74.06",18,17,6,9882,"None","No errors","03-10-2024","16-01-2024"
"LOG00000072","18-12-2024","02:08:43",2024,10,"MACH00073","Machine 73","MODEL-8005","CNC Machine","Siemens","FAC01","Factory 1","LINE013","Assembly Line 13","23.4","54.4","8.16","19.09",4731,"6.8","Maintenance","57.78","Yes","60.9",2,5,13,8494,"E001","Error condition E001","24-11-2024","20-01-2024"
"LOG00000073","20-12-2024","20:08:17",2024,3,"MACH00074","Machine 74","MODEL-4266","Hydraulic Press","ABB","FAC02","Factory 2","LINE014","Assembly Line 14","47.7","64.4","6.32","4.1",4876,"48.92","Error","56.92","Yes","89.05",3,22,14,9519,"E002","Error condition E002","24-06-2024","19-02-2024"
"LOG00000074","02-07-2024","08:24:58",2024,8,"MACH00075","Machine 75","MODEL-8247","Conveyor","Fanuc","FAC03","Factory 3","LINE015","Assembly Line 15","22.8","36.7","5.69","20.91",5625,"40.85","Stopped","78.9","No","73.23",21,1,23,617,"E003","Error condition E003","17-10-2024","05-07-2024"
"LOG00000075","15-10-2024","02:40:43",2024,2,"MACH00076","Machine 76","MODEL-7542","Robot Arm","KUKA","FAC04","Factory 4","LINE016","Assembly Line 16","27.6","65.7","8.84","17.89",6452,"44.91","Running","86.46","No","72.67",9,13,12,1590,"E004","Error condition E004","09-05-2024","19-01-2024"
"LOG00000076","18-07-2024","00:12:32",2024,11,"MACH00077","Machine 77","MODEL-8832","Welder","Bosch","FAC05","Factory 5","LINE017","Assembly Line 17","36.4","39.6","1.78","25.01",4957,"30.77","Idle","68.72","Yes","80.07",9,17,1,260,"E005","Error condition E005","19-07-2024","23-12-2024"
"LOG00000077","15-07-2024","19:15:20",2024,11,"MACH00078","Machine 78","MODEL-9799","Drill","Mitsubishi","FAC06","Factory 6","LINE018","Assembly Line 18","61.5","47.8","8.3","38.17",8889,"3.48","Maintenance","99.93","No","66.8",4,11,11,6061,"None","No errors","23-06-2024","15-06-2024"
"LOG00000078","02-02-2024","16:55:07",2024,12,"MACH00079","Machine 79","MODEL-5581","Lathe","Yaskawa","FAC07","Factory 7","LINE019","Assembly Line 19","62.1","49.9","8.6","37.41",6891,"33.88","Error","98.26","No","86",18,22,20,3450,"E001","Error condition E001","24-05-2024","17-07-2024"
"LOG00000079","01-11-2024","22:05:50",2024,7,"MACH00080","Machine 80","MODEL-8703","Compressor","Omron","FAC08","Factory 8","LINE020","Assembly Line 20","35.6","70.1","4.97","39.03",8501,"35.96","Stopped","90.64","No","78.88",5,3,2,8097,"E002","Error condition E002","21-11-2024","18-12-2024"
"LOG00000080","20-12-2024","03:33:38",2024,11,"MACH00081","Machine 81","MODEL-5749","CNC Machine","Siemens","FAC01","Factory 1","LINE021","Assembly Line 21","39.8","58.9","8.73","29.27",5355,"42.76","Running","60.67","Yes","87.1",8,9,1,6767,"E003","Error condition E003","02-07-2024","12-07-2024"
"LOG00000081","16-02-2024","12:25:26",2024,5,"MACH00082","Machine 82","MODEL-4834","Hydraulic Press","ABB","FAC02","Factory 2","LINE022","Assembly Line 22","61","34.7","9.77","17.91",8109,"16.66","Idle","77.7","No","97.47",3,20,17,5081,"E004","Error condition E004","09-03-2024","15-08-2024"
"LOG00000082","10-04-2024","11:45:19",2024,7,"MACH00083","Machine 83","MODEL-1192","Conveyor","Fanuc","FAC03","Factory 3","LINE023","Assembly Line 23","53.4","33.4","9.67","25.56",305,"34.65","Maintenance","75.48","No","81.56",21,19,15,2331,"E005","Error condition E005","14-12-2024","13-01-2024"
"LOG00000083","05-02-2024","13:02:53",2024,6,"MACH00084","Machine 84","MODEL-9787","Robot Arm","KUKA","FAC04","Factory 4","LINE024","Assembly Line 24","72.6","78.5","2.31","49.41",1563,"1.47","Error","71.28","No","73.8",22,11,14,3290,"None","No errors","25-12-2024","05-12-2024"
"LOG00000084","25-07-2024","23:52:53",2024,10,"MACH00085","Machine 85","MODEL-6631","Welder","Bosch","FAC05","Factory 5","LINE025","Assembly Line 25","35.6","31.8","9.82","41.71",5478,"47.64","Stopped","89.15","No","86.27",20,20,22,4508,"E001","Error condition E001","26-03-2024","02-11-2024"
"LOG00000085","21-09-2024","03:30:28",2024,7,"MACH00086","Machine 86","MODEL-8251","Drill","Mitsubishi","FAC06","Factory 6","LINE026","Assembly Line 26","26.3","38.6","3.64","13.59",2842,"11.93","Running","54.37","Yes","79.08",12,4,12,2421,"E002","Error condition E002","13-09-2024","23-12-2024"
"LOG00000086","09-04-2024","13:50:15",2024,11,"MACH00087","Machine 87","MODEL-1981","Lathe","Yaskawa","FAC07","Factory 7","LINE027","Assembly Line 27","34.2","51","7.73","11.3",8998,"37.25","Idle","97.53","No","93.01",5,14,8,9776,"E003","Error condition E003","20-09-2024","07-06-2024"
"LOG00000087","07-06-2024","12:11:22",2024,9,"MACH00088","Machine 88","MODEL-8849","Compressor","Omron","FAC08","Factory 8","LINE028","Assembly Line 28","28.4","52.8","2.6","45.21",3959,"37.88","Maintenance","91.75","No","65.86",7,22,1,1865,"E004","Error condition E004","20-08-2024","11-07-2024"
"LOG00000088","18-12-2024","12:14:23",2024,2,"MACH00089","Machine 89","MODEL-8274","CNC Machine","Siemens","FAC01","Factory 1","LINE029","Assembly Line 29","40.9","65.5","6.45","25.18",7098,"3.08","Error","87.01","No","77.91",12,5,7,5591,"E005","Error condition E005","21-10-2024","01-08-2024"
"LOG00000089","22-10-2024","16:41:40",2024,8,"MACH00090","Machine 90","MODEL-1194","Hydraulic Press","ABB","FAC02","Factory 2","LINE030","Assembly Line 30","30.5","76.9","5.44","25.85",976,"48.57","Stopped","77.26","No","75.93",4,9,14,3920,"None","No errors","23-04-2024","12-04-2024"
"LOG00000090","08-11-2024","06:10:17",2024,4,"MACH00091","Machine 91","MODEL-9394","Conveyor","Fanuc","FAC03","Factory 3","LINE001","Assembly Line 1","43.4","35.4","8.52","20.77",7556,"41.85","Running","98.41","No","67.2",11,5,19,338,"E001","Error condition E001","19-07-2024","15-06-2024"
"LOG00000091","10-04-2024","14:13:42",2024,5,"MACH00092","Machine 92","MODEL-4932","Robot Arm","KUKA","FAC04","Factory 4","LINE002","Assembly Line 2","44.8","39.9","1.4","9.6",2000,"48.31","Idle","62.14","Yes","63.43",6,14,6,5295,"E002","Error condition E002","23-12-2024","03-04-2024"
"LOG00000092","19-03-2024","19:15:49",2024,2,"MACH00093","Machine 93","MODEL-6316","Welder","Bosch","FAC05","Factory 5","LINE003","Assembly Line 3","28.2","42","4.86","31.64",9645,"37.55","Maintenance","62.68","Yes","76.6",24,0,1,842,"E003","Error condition E003","17-08-2024","22-02-2024"
"LOG00000093","10-05-2024","02:54:36",2024,8,"MACH00094","Machine 94","MODEL-6516","Drill","Mitsubishi","FAC06","Factory 6","LINE004","Assembly Line 4","76.4","53.3","5.89","7.01",8715,"34.57","Error","94.09","No","67.91",10,14,24,2199,"E004","Error condition E004","17-09-2024","23-09-2024"
"LOG00000094","18-01-2024","02:21:50",2024,1,"MACH00095","Machine 95","MODEL-3247","Lathe","Yaskawa","FAC07","Factory 7","LINE005","Assembly Line 5","46.7","72.5","5.76","29.88",8819,"39.21","Stopped","75.42","No","71.99",20,13,12,6573,"E005","Error condition E005","03-12-2024","25-03-2024"
"LOG00000095","07-11-2024","12:06:17",2024,7,"MACH00096","Machine 96","MODEL-1878","Compressor","Omron","FAC08","Factory 8","LINE006","Assembly Line 6","70","49.7","8.07","8.24",4662,"6.34","Running","91.69","No","97.31",16,0,2,3370,"None","No errors","25-07-2024","27-03-2024"
"LOG00000096","17-02-2024","17:42:42",2024,5,"MACH00097","Machine 97","MODEL-4391","CNC Machine","Siemens","FAC01","Factory 1","LINE007","Assembly Line 7","63.9","37.7","6.11","43.27",718,"11.51","Idle","73","No","88.15",11,4,22,9800,"E001","Error condition E001","24-02-2024","02-11-2024"
"LOG00000097","03-04-2024","23:53:42",2024,8,"MACH00098","Machine 98","MODEL-9987","Hydraulic Press","ABB","FAC02","Factory 2","LINE008","Assembly Line 8","55.6","76","1.67","0.95",4080,"47.01","Maintenance","64.1","Yes","85.29",15,8,4,6707,"E002","Error condition E002","25-08-2024","06-08-2024"
"LOG00000098","18-11-2024","11:35:47",2024,12,"MACH00099","Machine 99","MODEL-5126","Conveyor","Fanuc","FAC03","Factory 3","LINE009","Assembly Line 9","32.7","54.5","9.04","5.84",7043,"24.03","Error","66.73","Yes","71.12",17,10,4,8949,"E003","Error condition E003","07-09-2024","05-04-2024"
"LOG00000099","27-06-2024","04:59:15",2024,12,"MACH00100","Machine 100","MODEL-7993","Robot Arm","KUKA","FAC04","Factory 4","LINE010","Assembly Line 10","57.4","39.2","4.58","38.58",2594,"34.32","Stopped","89.04","No","65.34",19,17,4,7985,"E004","Error condition E004","25-08-2024","03-10-2024"
"LOG00000100","28-10-2024","18:54:19",2024,9,"MACH00001","Machine 1","MODEL-2994","Welder","Bosch","FAC05","Factory 5","LINE011","Assembly Line 11","67.3","76.3","3.8","34.01",8505,"34.13","Running","92.28","No","76.85",16,17,7,6762,"E005","Error condition E005","10-02-2024","06-11-2024"
"LOG00000101","09-01-2024","23:04:29",2024,6,"MACH00002","Machine 2","MODEL-6812","Drill","Mitsubishi","FAC06","Factory 6","LINE012","Assembly Line 12","48.1","72.5","1.24","13.66",5468,"27.16","Idle","85.38","No","78.49",23,13,24,4394,"None","No errors","18-06-2024","23-09-2024"
"LOG00000102","08-04-2024","20:59:58",2024,11,"MACH00003","Machine 3","MODEL-6771","Lathe","Yaskawa","FAC07","Factory 7","LINE013","Assembly Line 13","65.1","31.4","2.16","12.7",56,"3.8","Maintenance","68.67","Yes","86.87",8,10,19,980,"E001","Error condition E001","23-12-2024","11-04-2024"
"LOG00000103","17-11-2024","04:54:07",2024,7,"MACH00004","Machine 4","MODEL-5667","Compressor","Omron","FAC08","Factory 8","LINE014","Assembly Line 14","63.8","49.4","4.15","37.01",4166,"47.82","Error","73.13","No","63.84",19,24,14,6475,"E002","Error condition E002","22-05-2024","02-12-2024"
"LOG00000104","13-04-2024","23:37:41",2024,4,"MACH00005","Machine 5","MODEL-7520","CNC Machine","Siemens","FAC01","Factory 1","LINE015","Assembly Line 15","58.9","78.9","7.52","4.82",5535,"33.69","Stopped","86.65","No","81.03",14,6,14,1991,"E003","Error condition E003","12-12-2024","24-04-2024"
"LOG00000105","23-03-2024","01:05:48",2024,7,"MACH00006","Machine 6","MODEL-7712","Hydraulic Press","ABB","FAC02","Factory 2","LINE016","Assembly Line 16","62.8","59.6","8.27","9.74",3344,"13.12","Running","92.47","No","93.25",12,20,14,8696,"E004","Error condition E004","19-08-2024","04-03-2024"
"LOG00000106","03-05-2024","01:47:32",2024,7,"MACH00007","Machine 7","MODEL-3149","Conveyor","Fanuc","FAC03","Factory 3","LINE017","Assembly Line 17","34.6","69.9","1.58","34.01",5127,"17.98","Idle","97.56","No","79.58",20,12,8,452,"E005","Error condition E005","06-01-2024","23-04-2024"
"LOG00000107","04-04-2024","15:04:38",2024,5,"MACH00008","Machine 8","MODEL-5043","Robot Arm","KUKA","FAC04","Factory 4","LINE018","Assembly Line 18","30","60.5","2.08","37.75",9673,"26.25","Maintenance","50.81","Yes","79.58",10,12,10,6991,"None","No errors","07-05-2024","21-07-2024"
"LOG00000108","27-10-2024","18:07:19",2024,7,"MACH00009","Machine 9","MODEL-7126","Welder","Bosch","FAC05","Factory 5","LINE019","Assembly Line 19","66.1","76.5","4.6","0.92",9404,"7.52","Error","52.8","Yes","79.77",0,5,20,344,"E001","Error condition E001","25-12-2024","03-03-2024"
"LOG00000109","13-04-2024","01:20:40",2024,4,"MACH00010","Machine 10","MODEL-6767","Drill","Mitsubishi","FAC06","Factory 6","LINE020","Assembly Line 20","62.3","73.3","8.25","26.62",3959,"29.95","Stopped","94.67","No","93.69",13,5,21,5019,"E002","Error condition E002","05-10-2024","24-10-2024"
"LOG00000110","17-11-2024","20:10:59",2024,10,"MACH00011","Machine 11","MODEL-9677","Lathe","Yaskawa","FAC07","Factory 7","LINE021","Assembly Line 21","79.6","49.6","5.28","13.27",1145,"10.59","Running","57.98","Yes","98.29",17,9,11,6163,"E003","Error condition E003","23-10-2024","21-01-2024"
"LOG00000111","21-09-2024","04:34:28",2024,6,"MACH00012","Machine 12","MODEL-2223","Compressor","Omron","FAC08","Factory 8","LINE022","Assembly Line 22","59.1","52.1","9.9","47.73",3098,"39.4","Idle","83.97","No","74.74",20,14,16,7133,"E004","Error condition E004","19-07-2024","16-06-2024"
"LOG00000112","11-09-2024","23:18:22",2024,10,"MACH00013","Machine 13","MODEL-9180","CNC Machine","Siemens","FAC01","Factory 1","LINE023","Assembly Line 23","60.4","38.4","9.05","14.1",3571,"37.84","Maintenance","72.6","No","99.01",23,7,10,5711,"E005","Error condition E005","07-01-2024","16-10-2024"
"LOG00000113","06-04-2024","03:35:38",2024,4,"MACH00014","Machine 14","MODEL-3915","Hydraulic Press","ABB","FAC02","Factory 2","LINE024","Assembly Line 24","42.4","65.7","8.04","35.83",9783,"45.43","Error","69.96","Yes","62.67",23,1,10,3577,"None","No errors","04-08-2024","27-05-2024"
"LOG00000114","08-05-2024","03:03:11",2024,3,"MACH00015","Machine 15","MODEL-2473","Conveyor","Fanuc","FAC03","Factory 3","LINE025","Assembly Line 25","58.1","45.2","7.38","23.29",1574,"2.74","Stopped","82.97","No","81.7",17,9,5,1592,"E001","Error condition E001","07-02-2024","24-04-2024"
"LOG00000115","03-12-2024","14:48:53",2024,9,"MACH00016","Machine 16","MODEL-5795","Robot Arm","KUKA","FAC04","Factory 4","LINE026","Assembly Line 26","25.4","74.8","5.29","49.92",500,"32.3","Running","61.53","Yes","78.39",8,6,16,9798,"E002","Error condition E002","13-04-2024","25-08-2024"
"LOG00000116","17-04-2024","08:09:00",2024,1,"MACH00017","Machine 17","MODEL-7947","Welder","Bosch","FAC05","Factory 5","LINE027","Assembly Line 27","30.2","50.3","8.61","41.1",9644,"41.31","Idle","65.38","Yes","79.41",14,1,5,3369,"E003","Error condition E003","04-07-2024","03-08-2024"
"LOG00000117","21-06-2024","04:14:40",2024,11,"MACH00018","Machine 18","MODEL-8455","Drill","Mitsubishi","FAC06","Factory 6","LINE028","Assembly Line 28","40.2","33.9","3.02","17.54",7924,"25.07","Maintenance","63.29","Yes","85.81",21,8,16,4452,"E004","Error condition E004","23-04-2024","15-06-2024"
"LOG00000118","19-11-2024","22:27:15",2024,1,"MACH00019","Machine 19","MODEL-9065","Lathe","Yaskawa","FAC07","Factory 7","LINE029","Assembly Line 29","64.1","47.3","3.1","24.86",1213,"41.6","Error","85.19","No","63.85",11,5,13,1266,"E005","Error condition E005","05-12-2024","08-06-2024"
"LOG00000119","03-10-2024","07:03:15",2024,1,"MACH00020","Machine 20","MODEL-7462","Compressor","Omron","FAC08","Factory 8","LINE030","Assembly Line 30","74","47.4","3.23","17.34",1589,"20.21","Stopped","60.31","Yes","74.67",20,4,18,2897,"None","No errors","04-11-2024","15-08-2024"
"LOG00000120","28-03-2024","07:01:51",2024,5,"MACH00021","Machine 21","MODEL-1295","CNC Machine","Siemens","FAC01","Factory 1","LINE001","Assembly Line 1","59.5","57.8","0.77","11.27",7176,"27.95","Running","96.2","No","93.75",9,5,19,2159,"E001","Error condition E001","02-02-2024","20-09-2024"
"LOG00000121","22-11-2024","07:36:14",2024,7,"MACH00022","Machine 22","MODEL-8150","Hydraulic Press","ABB","FAC02","Factory 2","LINE002","Assembly Line 2","29.2","47.5","4.59","3.6",4460,"36.42","Idle","80.32","No","75.49",22,13,2,7856,"E002","Error condition E002","03-06-2024","01-12-2024"
"LOG00000122","10-07-2024","12:38:13",2024,9,"MACH00023","Machine 23","MODEL-6328","Conveyor","Fanuc","FAC03","Factory 3","LINE003","Assembly Line 3","67.1","46.2","1.1","41.71",2451,"1.83","Maintenance","89.13","No","94.21",10,10,22,3469,"E003","Error condition E003","16-02-2024","17-12-2024"
"LOG00000123","07-02-2024","04:09:36",2024,5,"MACH00024","Machine 24","MODEL-7062","Robot Arm","KUKA","FAC04","Factory 4","LINE004","Assembly Line 4","49.3","37.2","4.75","40.43",5342,"14.05","Error","98.63","No","81.03",2,4,7,1958,"E004","Error condition E004","18-12-2024","12-12-2024"
"LOG00000124","16-07-2024","10:32:37",2024,6,"MACH00025","Machine 25","MODEL-9742","Welder","Bosch","FAC05","Factory 5","LINE005","Assembly Line 5","21.5","42.1","5.16","8.29",922,"45.35","Stopped","71.7","No","60.55",10,2,15,192,"E005","Error condition E005","12-04-2024","18-11-2024"
"LOG00000125","25-01-2024","00:13:37",2024,7,"MACH00026","Machine 26","MODEL-7331","Drill","Mitsubishi","FAC06","Factory 6","LINE006","Assembly Line 6","75.4","61.4","3.5","7.66",5588,"27.62","Running","65.1","Yes","67.64",1,18,19,8926,"None","No errors","16-01-2024","27-06-2024"
"LOG00000126","13-12-2024","14:47:47",2024,6,"MACH00027","Machine 27","MODEL-6896","Lathe","Yaskawa","FAC07","Factory 7","LINE007","Assembly Line 7","40.6","72.6","8.5","16.01",6854,"1.74","Idle","51.95","Yes","99.3",3,15,0,4112,"E001","Error condition E001","01-03-2024","23-09-2024"
"LOG00000127","18-02-2024","23:06:50",2024,5,"MACH00028","Machine 28","MODEL-6501","Compressor","Omron","FAC08","Factory 8","LINE008","Assembly Line 8","48.8","42.5","2.18","21.73",1728,"1.32","Maintenance","72.57","No","83.6",13,0,8,4393,"E002","Error condition E002","10-05-2024","18-10-2024"
"LOG00000128","22-01-2024","20:11:14",2024,8,"MACH00029","Machine 29","MODEL-5414","CNC Machine","Siemens","FAC01","Factory 1","LINE009","Assembly Line 9","58.7","56.5","9.19","2.76",8728,"8.96","Error","54.42","Yes","97.61",23,24,21,3052,"E003","Error condition E003","09-10-2024","26-04-2024"
"LOG00000129","06-12-2024","07:52:02",2024,2,"MACH00030","Machine 30","MODEL-6622","Hydraulic Press","ABB","FAC02","Factory 2","LINE010","Assembly Line 10","66.1","41.9","6.43","25.31",4553,"27.59","Stopped","85.33","No","60.56",0,5,24,5579,"E004","Error condition E004","23-12-2024","15-01-2024"
"LOG00000130","28-02-2024","15:16:52",2024,7,"MACH00031","Machine 31","MODEL-8593","Conveyor","Fanuc","FAC03","Factory 3","LINE011","Assembly Line 11","41","70.6","0.7","5.93",8461,"27.17","Running","82.05","No","77.92",7,3,15,5376,"E005","Error condition E005","13-11-2024","24-06-2024"
"LOG00000131","25-04-2024","18:28:32",2024,12,"MACH00032","Machine 32","MODEL-2484","Robot Arm","KUKA","FAC04","Factory 4","LINE012","Assembly Line 12","43","56.7","5.27","2.6",4890,"2.7","Idle","87.07","No","95.53",10,24,23,7800,"None","No errors","05-06-2024","16-04-2024"
"LOG00000132","03-03-2024","03:42:19",2024,3,"MACH00033","Machine 33","MODEL-4083","Welder","Bosch","FAC05","Factory 5","LINE013","Assembly Line 13","72.7","32.3","9.89","49.72",6581,"40.87","Maintenance","91.59","No","73.64",22,4,16,7848,"E001","Error condition E001","10-06-2024","06-04-2024"
"LOG00000133","12-12-2024","04:33:21",2024,7,"MACH00034","Machine 34","MODEL-7961","Drill","Mitsubishi","FAC06","Factory 6","LINE014","Assembly Line 14","59.3","56.2","7.74","33.61",8285,"46.03","Error","51.29","Yes","77.5",17,5,5,8200,"E002","Error condition E002","06-08-2024","20-06-2024"
"LOG00000134","11-02-2024","05:51:33",2024,1,"MACH00035","Machine 35","MODEL-2135","Lathe","Yaskawa","FAC07","Factory 7","LINE015","Assembly Line 15","54.5","51","7.38","22.7",4233,"24.37","Stopped","64.71","Yes","75.69",22,4,12,528,"E003","Error condition E003","21-05-2024","11-09-2024"
"LOG00000135","07-08-2024","16:28:54",2024,10,"MACH00036","Machine 36","MODEL-7831","Compressor","Omron","FAC08","Factory 8","LINE016","Assembly Line 16","51.1","78.5","5.77","11.06",4535,"11.98","Running","92.25","No","63.89",3,4,13,9391,"E004","Error condition E004","13-08-2024","13-09-2024"
"LOG00000136","03-07-2024","14:27:17",2024,4,"MACH00037","Machine 37","MODEL-2386","CNC Machine","Siemens","FAC01","Factory 1","LINE017","Assembly Line 17","59.3","58","8.72","41.16",3116,"26.32","Idle","65.23","Yes","95.77",5,12,2,2892,"E005","Error condition E005","14-05-2024","02-05-2024"
"LOG00000137","01-08-2024","16:57:40",2024,12,"MACH00038","Machine 38","MODEL-9391","Hydraulic Press","ABB","FAC02","Factory 2","LINE018","Assembly Line 18","45.8","51.4","6.43","49.13",3038,"32.82","Maintenance","76.06","No","79.47",10,9,3,9159,"None","No errors","22-12-2024","01-04-2024"
"LOG00000138","18-07-2024","09:40:26",2024,1,"MACH00039","Machine 39","MODEL-5851","Conveyor","Fanuc","FAC03","Factory 3","LINE019","Assembly Line 19","23.1","33.6","5.94","2.12",5209,"27.53","Error","63.92","Yes","69.49",13,5,23,2152,"E001","Error condition E001","01-02-2024","15-03-2024"
"LOG00000139","10-12-2024","16:16:52",2024,12,"MACH00040","Machine 40","MODEL-1580","Robot Arm","KUKA","FAC04","Factory 4","LINE020","Assembly Line 20","31.5","41.5","4.97","10.01",8832,"32.66","Stopped","70.08","No","70.13",22,14,24,1306,"E002","Error condition E002","21-10-2024","04-09-2024"
"LOG00000140","03-07-2024","18:04:48",2024,8,"MACH00041","Machine 41","MODEL-7944","Welder","Bosch","FAC05","Factory 5","LINE021","Assembly Line 21","74.5","68","9.82","23.29",4724,"40.13","Running","85.17","No","66.1",13,20,12,1830,"E003","Error condition E003","12-01-2024","04-05-2024"
"LOG00000141","24-11-2024","15:57:40",2024,1,"MACH00042","Machine 42","MODEL-8878","Drill","Mitsubishi","FAC06","Factory 6","LINE022","Assembly Line 22","52.8","48.4","9.72","31.41",5659,"40.04","Idle","75.31","No","99.72",5,9,16,1387,"E004","Error condition E004","09-11-2024","02-09-2024"
"LOG00000142","15-01-2024","17:24:35",2024,6,"MACH00043","Machine 43","MODEL-8031","Lathe","Yaskawa","FAC07","Factory 7","LINE023","Assembly Line 23","36.9","72.3","1.78","49.15",9233,"15.63","Maintenance","67.29","Yes","87.25",12,17,23,1464,"E005","Error condition E005","05-03-2024","27-06-2024"
"LOG00000143","11-10-2024","04:39:45",2024,7,"MACH00044","Machine 44","MODEL-3245","Compressor","Omron","FAC08","Factory 8","LINE024","Assembly Line 24","66.6","71.9","1.38","34.45",9960,"0.18","Error","93.46","No","97.71",1,22,15,3109,"None","No errors","25-01-2024","14-05-2024"
"LOG00000144","21-04-2024","11:17:35",2024,2,"MACH00045","Machine 45","MODEL-8224","CNC Machine","Siemens","FAC01","Factory 1","LINE025","Assembly Line 25","39.6","38.3","3.34","28.68",5289,"9.87","Stopped","78.13","No","65.43",12,7,1,35,"E001","Error condition E001","15-04-2024","23-11-2024"
"LOG00000145","05-05-2024","00:59:42",2024,6,"MACH00046","Machine 46","MODEL-7222","Hydraulic Press","ABB","FAC02","Factory 2","LINE026","Assembly Line 26","55.4","72.3","0.58","26.82",7932,"31.97","Running","81.98","No","64.73",4,3,1,8548,"E002","Error condition E002","08-04-2024","11-08-2024"
"LOG00000146","10-01-2024","14:20:54",2024,11,"MACH00047","Machine 47","MODEL-7593","Conveyor","Fanuc","FAC03","Factory 3","LINE027","Assembly Line 27","65.7","52.4","8.69","16.04",8746,"43.54","Idle","64.87","Yes","65.49",15,6,11,7227,"E003","Error condition E003","14-01-2024","13-02-2024"
"LOG00000147","03-12-2024","05:24:34",2024,1,"MACH00048","Machine 48","MODEL-3652","Robot Arm","KUKA","FAC04","Factory 4","LINE028","Assembly Line 28","34.4","58.1","9.46","7.91",2671,"35.41","Maintenance","66.03","Yes","73.89",19,1,24,9688,"E004","Error condition E004","11-12-2024","11-04-2024"
"LOG00000148","13-03-2024","06:07:09",2024,7,"MACH00049","Machine 49","MODEL-4818","Welder","Bosch","FAC05","Factory 5","LINE029","Assembly Line 29","50.5","53.4","7.3","47",4277,"45.53","Error","96.35","No","94.39",13,11,10,5227,"E005","Error condition E005","25-04-2024","24-03-2024"
"LOG00000149","11-01-2024","16:22:16",2024,6,"MACH00050","Machine 50","MODEL-6020","Drill","Mitsubishi","FAC06","Factory 6","LINE030","Assembly Line 30","33.7","37.3","6.2","18.25",3797,"8.97","Stopped","53.15","Yes","67.94",11,18,14,9869,"None","No errors","04-11-2024","26-04-2024"
"LOG00000150","28-10-2024","16:25:12",2024,3,"MACH00051","Machine 51","MODEL-9919","Lathe","Yaskawa","FAC07","Factory 7","LINE001","Assembly Line 1","74.1","58","6.77","41.67",589,"45.11","Running","53.22","Yes","79.17",19,15,8,7948,"E001","Error condition E001","18-01-2024","16-09-2024"
"LOG00000151","22-12-2024","17:01:49",2024,4,"MACH00052","Machine 52","MODEL-7108","Compressor","Omron","FAC08","Factory 8","LINE002","Assembly Line 2","62.6","58.4","8.45","34.83",2717,"45.23","Idle","58.72","Yes","81.6",20,6,13,3684,"E002","Error condition E002","10-12-2024","04-05-2024"
"LOG00000152","23-06-2024","18:02:11",2024,3,"MACH00053","Machine 53","MODEL-7503","CNC Machine","Siemens","FAC01","Factory 1","LINE003","Assembly Line 3","52.2","71.3","4.63","28.85",5185,"25.41","Maintenance","56.21","Yes","67.55",20,16,18,2272,"E003","Error condition E003","01-03-2024","25-08-2024"
"LOG00000153","16-02-2024","07:34:59",2024,6,"MACH00054","Machine 54","MODEL-8772","Hydraulic Press","ABB","FAC02","Factory 2","LINE004","Assembly Line 4","52.8","72.5","2.36","39.81",6072,"44.85","Error","86.69","No","72.04",23,21,19,1028,"E004","Error condition E004","03-08-2024","24-09-2024"
"LOG00000154","12-07-2024","14:17:07",2024,8,"MACH00055","Machine 55","MODEL-9727","Conveyor","Fanuc","FAC03","Factory 3","LINE005","Assembly Line 5","44.6","41.1","9.99","47.44",70,"9.62","Stopped","60.66","Yes","93.18",0,0,20,6755,"E005","Error condition E005","03-04-2024","04-05-2024"
"LOG00000155","27-01-2024","11:50:48",2024,11,"MACH00056","Machine 56","MODEL-5828","Robot Arm","KUKA","FAC04","Factory 4","LINE006","Assembly Line 6","58.6","34","4.38","46.33",1987,"38.63","Running","64.31","Yes","61.15",9,2,21,943,"None","No errors","16-04-2024","07-06-2024"
"LOG00000156","21-10-2024","07:16:45",2024,5,"MACH00057","Machine 57","MODEL-4967","Welder","Bosch","FAC05","Factory 5","LINE007","Assembly Line 7","34.3","58.5","3.03","46.67",1763,"9.69","Idle","58.17","Yes","82.52",12,20,7,760,"E001","Error condition E001","17-05-2024","17-05-2024"
"LOG00000157","15-06-2024","07:04:10",2024,2,"MACH00058","Machine 58","MODEL-3474","Drill","Mitsubishi","FAC06","Factory 6","LINE008","Assembly Line 8","72.8","65","5.18","20.87",8071,"13.04","Maintenance","95.9","No","77.87",9,0,17,6514,"E002","Error condition E002","26-08-2024","17-06-2024"
"LOG00000158","24-08-2024","19:55:31",2024,4,"MACH00059","Machine 59","MODEL-1854","Lathe","Yaskawa","FAC07","Factory 7","LINE009","Assembly Line 9","37","52.1","8.18","35.06",3724,"23.99","Error","81.77","No","83.83",19,5,12,4517,"E003","Error condition E003","25-07-2024","20-10-2024"
"LOG00000159","26-12-2024","02:23:51",2024,11,"MACH00060","Machine 60","MODEL-8662","Compressor","Omron","FAC08","Factory 8","LINE010","Assembly Line 10","25.2","59.9","6.21","10.58",2934,"30.26","Stopped","64.51","Yes","96.37",21,0,15,6877,"E004","Error condition E004","17-06-2024","23-09-2024"
"LOG00000160","21-06-2024","22:11:58",2024,2,"MACH00061","Machine 61","MODEL-2485","CNC Machine","Siemens","FAC01","Factory 1","LINE011","Assembly Line 11","22.6","62.8","6.18","16.91",9293,"16.52","Running","81.81","No","97.58",7,0,1,8612,"E005","Error condition E005","26-12-2024","08-07-2024"
"LOG00000161","11-03-2024","09:01:36",2024,11,"MACH00062","Machine 62","MODEL-2717","Hydraulic Press","ABB","FAC02","Factory 2","LINE012","Assembly Line 12","60.8","35.1","9.15","1.13",5782,"27.23","Idle","96.81","No","92.17",7,2,24,8691,"None","No errors","21-08-2024","07-04-2024"
"LOG00000162","12-07-2024","03:47:01",2024,2,"MACH00063","Machine 63","MODEL-4445","Conveyor","Fanuc","FAC03","Factory 3","LINE013","Assembly Line 13","67.3","74.2","1.93","30.77",7584,"13.09","Maintenance","85.89","No","80.53",18,16,13,8309,"E001","Error condition E001","14-03-2024","26-08-2024"
"LOG00000163","15-10-2024","10:32:01",2024,5,"MACH00064","Machine 64","MODEL-8248","Robot Arm","KUKA","FAC04","Factory 4","LINE014","Assembly Line 14","21","62","1.97","13.93",4545,"48.11","Error","65.09","Yes","95.87",13,16,19,9173,"E002","Error condition E002","18-11-2024","05-02-2024"
"LOG00000164","18-06-2024","08:45:49",2024,9,"MACH00065","Machine 65","MODEL-2403","Welder","Bosch","FAC05","Factory 5","LINE015","Assembly Line 15","42.4","42.5","0.76","25.4",4525,"9.63","Stopped","89.25","No","88.81",19,5,9,1440,"E003","Error condition E003","13-09-2024","11-11-2024"
"LOG00000165","22-07-2024","04:30:49",2024,1,"MACH00066","Machine 66","MODEL-2675","Drill","Mitsubishi","FAC06","Factory 6","LINE016","Assembly Line 16","51.8","45.1","6.85","20.01",925,"10.93","Running","53.06","Yes","91.75",22,23,14,9800,"E004","Error condition E004","13-10-2024","14-09-2024"
"LOG00000166","11-09-2024","19:37:23",2024,9,"MACH00067","Machine 67","MODEL-9122","Lathe","Yaskawa","FAC07","Factory 7","LINE017","Assembly Line 17","27.2","57.6","2.35","47.61",4864,"39.03","Idle","71.99","No","86.21",19,20,15,1077,"E005","Error condition E005","06-03-2024","10-02-2024"
"LOG00000167","26-04-2024","20:39:05",2024,8,"MACH00068","Machine 68","MODEL-9703","Compressor","Omron","FAC08","Factory 8","LINE018","Assembly Line 18","53.8","49","9.59","8.97",854,"11.71","Maintenance","59.84","Yes","82.73",10,13,22,8372,"None","No errors","28-11-2024","21-09-2024"
"LOG00000168","14-02-2024","19:59:44",2024,1,"MACH00069","Machine 69","MODEL-2435","CNC Machine","Siemens","FAC01","Factory 1","LINE019","Assembly Line 19","43.4","53.5","3.4","29.37",2252,"15.07","Error","88.67","No","78.93",22,16,24,2837,"E001","Error condition E001","10-02-2024","10-05-2024"
"LOG00000169","08-07-2024","23:49:04",2024,8,"MACH00070","Machine 70","MODEL-9475","Hydraulic Press","ABB","FAC02","Factory 2","LINE020","Assembly Line 20","62.2","31.9","4.58","33.44",634,"15.34","Stopped","90.41","No","64.87",0,6,16,9057,"E002","Error condition E002","18-01-2024","14-10-2024"
"LOG00000170","06-12-2024","05:39:32",2024,5,"MACH00071","Machine 71","MODEL-3166","Conveyor","Fanuc","FAC03","Factory 3","LINE021","Assembly Line 21","61.6","46.1","9.42","12.62",135,"27.02","Running","87.85","No","60.45",16,4,14,7496,"E003","Error condition E003","20-09-2024","27-11-2024"
"LOG00000171","04-02-2024","09:00:36",2024,11,"MACH00072","Machine 72","MODEL-6029","Robot Arm","KUKA","FAC04","Factory 4","LINE022","Assembly Line 22","77.7","76.7","6.08","31.85",6507,"23.49","Idle","52.46","Yes","73.56",21,3,3,4335,"E004","Error condition E004","10-11-2024","17-07-2024"
"LOG00000172","13-04-2024","16:51:59",2024,1,"MACH00073","Machine 73","MODEL-2566","Welder","Bosch","FAC05","Factory 5","LINE023","Assembly Line 23","30.7","77.5","7.89","24.18",6792,"26.22","Maintenance","53.05","Yes","81.24",2,24,15,5213,"E005","Error condition E005","26-03-2024","14-12-2024"
"LOG00000173","10-04-2024","08:11:56",2024,7,"MACH00074","Machine 74","MODEL-3862","Drill","Mitsubishi","FAC06","Factory 6","LINE024","Assembly Line 24","58.3","49.3","7.85","45.63",7321,"19.07","Error","53.48","Yes","88.87",14,24,13,8896,"None","No errors","27-06-2024","14-04-2024"
"LOG00000174","10-08-2024","06:40:22",2024,4,"MACH00075","Machine 75","MODEL-9913","Lathe","Yaskawa","FAC07","Factory 7","LINE025","Assembly Line 25","66.2","77.6","7.92","9.38",3592,"31.45","Stopped","74.12","No","73.6",0,16,6,7691,"E001","Error condition E001","25-10-2024","15-07-2024"
"LOG00000175","14-12-2024","14:35:17",2024,5,"MACH00076","Machine 76","MODEL-2260","Compressor","Omron","FAC08","Factory 8","LINE026","Assembly Line 26","60.8","54.7","3.82","29.07",6797,"9.95","Running","55.71","Yes","83.39",8,12,9,8008,"E002","Error condition E002","08-06-2024","17-06-2024"
"LOG00000176","21-06-2024","01:49:16",2024,2,"MACH00077","Machine 77","MODEL-1577","CNC Machine","Siemens","FAC01","Factory 1","LINE027","Assembly Line 27","49.8","47.3","3.46","39.81",1949,"29.29","Idle","76.42","No","79.52",6,6,14,6743,"E003","Error condition E003","07-05-2024","09-12-2024"
"LOG00000177","10-03-2024","06:31:50",2024,9,"MACH00078","Machine 78","MODEL-2186","Hydraulic Press","ABB","FAC02","Factory 2","LINE028","Assembly Line 28","32.1","55.5","5.95","41.68",8047,"25.41","Maintenance","67.63","Yes","90",9,12,14,1527,"E004","Error condition E004","14-01-2024","21-09-2024"
"LOG00000178","28-06-2024","09:06:39",2024,7,"MACH00079","Machine 79","MODEL-7963","Conveyor","Fanuc","FAC03","Factory 3","LINE029","Assembly Line 29","73.4","61","3.16","34.29",3268,"40.12","Error","56.82","Yes","74.44",19,5,16,3721,"E005","Error condition E005","17-06-2024","05-09-2024"
"LOG00000179","11-02-2024","12:11:38",2024,3,"MACH00080","Machine 80","MODEL-5111","Robot Arm","KUKA","FAC04","Factory 4","LINE030","Assembly Line 30","44.6","79.5","4.79","17.88",2832,"23.54","Stopped","72.26","No","92.43",21,24,21,4895,"None","No errors","15-10-2024","24-12-2024"
"LOG00000180","05-03-2024","12:27:28",2024,11,"MACH00081","Machine 81","MODEL-8640","Welder","Bosch","FAC05","Factory 5","LINE001","Assembly Line 1","71.3","62.5","8.04","21.85",7449,"44","Running","52.33","Yes","76.39",24,18,23,1392,"E001","Error condition E001","06-08-2024","08-02-2024"
"LOG00000181","16-05-2024","20:22:39",2024,2,"MACH00082","Machine 82","MODEL-8633","Drill","Mitsubishi","FAC06","Factory 6","LINE002","Assembly Line 2","53.1","60.2","7.71","5.68",7139,"13.75","Idle","83.76","No","63.99",2,20,2,4033,"E002","Error condition E002","15-03-2024","25-05-2024"
"LOG00000182","13-02-2024","13:10:11",2024,7,"MACH00083","Machine 83","MODEL-2844","Lathe","Yaskawa","FAC07","Factory 7","LINE003","Assembly Line 3","21.9","68.9","9.83","32.77",4681,"11.6","Maintenance","75.45","No","60.96",4,24,23,7576,"E003","Error condition E003","02-06-2024","06-07-2024"
"LOG00000183","05-07-2024","14:31:45",2024,11,"MACH00084","Machine 84","MODEL-7262","Compressor","Omron","FAC08","Factory 8","LINE004","Assembly Line 4","33.8","30","3.36","4.36",4542,"7.3","Error","73.98","No","84.79",19,12,2,3096,"E004","Error condition E004","10-06-2024","06-06-2024"
"LOG00000184","18-04-2024","20:57:37",2024,11,"MACH00085","Machine 85","MODEL-2884","CNC Machine","Siemens","FAC01","Factory 1","LINE005","Assembly Line 5","43.6","49","9.74","26.17",5392,"43.05","Stopped","67.1","Yes","91.4",22,15,19,436,"E005","Error condition E005","23-11-2024","01-02-2024"
"LOG00000185","06-02-2024","16:01:47",2024,6,"MACH00086","Machine 86","MODEL-3183","Hydraulic Press","ABB","FAC02","Factory 2","LINE006","Assembly Line 6","69.5","43.6","5.6","8.06",1438,"17.17","Running","61.93","Yes","93.41",20,9,19,4825,"None","No errors","15-03-2024","14-01-2024"
"LOG00000186","20-08-2024","05:31:22",2024,9,"MACH00087","Machine 87","MODEL-7455","Conveyor","Fanuc","FAC03","Factory 3","LINE007","Assembly Line 7","36.2","40.8","5.88","30.53",9421,"37.5","Idle","71.54","No","94.45",23,3,6,6811,"E001","Error condition E001","25-10-2024","21-08-2024"
"LOG00000187","14-07-2024","20:15:56",2024,9,"MACH00088","Machine 88","MODEL-3326","Robot Arm","KUKA","FAC04","Factory 4","LINE008","Assembly Line 8","65.3","73.9","3.09","24.39",4165,"27.91","Maintenance","83.44","No","98.1",16,2,10,8205,"E002","Error condition E002","23-04-2024","19-08-2024"
"LOG00000188","22-04-2024","09:57:00",2024,10,"MACH00089","Machine 89","MODEL-2815","Welder","Bosch","FAC05","Factory 5","LINE009","Assembly Line 9","80","48.1","3.37","22.41",7870,"10.32","Error","90.94","No","96.07",11,17,14,5914,"E003","Error condition E003","08-03-2024","21-08-2024"
"LOG00000189","14-12-2024","17:45:38",2024,1,"MACH00090","Machine 90","MODEL-4317","Drill","Mitsubishi","FAC06","Factory 6","LINE010","Assembly Line 10","44.6","56.5","1.48","12.83",298,"31.61","Stopped","98.13","No","70.02",21,3,6,1498,"E004","Error condition E004","17-11-2024","13-06-2024"
"LOG00000190","01-10-2024","18:30:52",2024,1,"MACH00091","Machine 91","MODEL-7135","Lathe","Yaskawa","FAC07","Factory 7","LINE011","Assembly Line 11","57","48","8.91","5.53",1383,"31.69","Running","96.37","No","60.2",15,22,10,6760,"E005","Error condition E005","13-06-2024","02-07-2024"
"LOG00000191","27-05-2024","15:18:54",2024,5,"MACH00092","Machine 92","MODEL-6107","Compressor","Omron","FAC08","Factory 8","LINE012","Assembly Line 12","38.1","36.1","8.11","46.27",6119,"10.9","Idle","68.51","Yes","81.25",9,1,8,4182,"None","No errors","25-03-2024","22-04-2024"
"LOG00000192","05-11-2024","07:51:30",2024,2,"MACH00093","Machine 93","MODEL-8297","CNC Machine","Siemens","FAC01","Factory 1","LINE013","Assembly Line 13","32.5","68.9","4.65","27.14",3704,"18.86","Maintenance","57.11","Yes","98.93",15,8,0,470,"E001","Error condition E001","08-12-2024","22-07-2024"
"LOG00000193","23-12-2024","10:22:15",2024,9,"MACH00094","Machine 94","MODEL-3378","Hydraulic Press","ABB","FAC02","Factory 2","LINE014","Assembly Line 14","72.2","64.7","3.6","49.41",8962,"18.7","Error","56.92","Yes","93.52",7,8,7,7485,"E002","Error condition E002","05-03-2024","18-02-2024"
"LOG00000194","18-05-2024","08:26:58",2024,7,"MACH00095","Machine 95","MODEL-6965","Conveyor","Fanuc","FAC03","Factory 3","LINE015","Assembly Line 15","68.7","45.6","8.06","19.88",2249,"21.75","Stopped","96.39","No","96.99",23,7,12,7778,"E003","Error condition E003","23-11-2024","04-10-2024"
"LOG00000195","09-07-2024","13:32:54",2024,8,"MACH00096","Machine 96","MODEL-4401","Robot Arm","KUKA","FAC04","Factory 4","LINE016","Assembly Line 16","25.3","42.4","5.08","0.26",1394,"43","Running","60.94","Yes","78.85",6,2,16,2862,"E004","Error condition E004","06-06-2024","28-09-2024"
"LOG00000196","09-08-2024","18:38:44",2024,1,"MACH00097","Machine 97","MODEL-8053","Welder","Bosch","FAC05","Factory 5","LINE017","Assembly Line 17","73.5","45.9","5.48","19.6",2823,"41.03","Idle","61.18","Yes","76.9",15,9,4,9237,"E005","Error condition E005","16-03-2024","02-05-2024"
"LOG00000197","08-05-2024","23:11:19",2024,7,"MACH00098","Machine 98","MODEL-1647","Drill","Mitsubishi","FAC06","Factory 6","LINE018","Assembly Line 18","61.3","62","8","12.83",4987,"19.63","Maintenance","98.14","No","62.02",20,3,8,3989,"None","No errors","16-05-2024","13-08-2024"
"LOG00000198","05-12-2024","05:53:30",2024,8,"MACH00099","Machine 99","MODEL-2721","Lathe","Yaskawa","FAC07","Factory 7","LINE019","Assembly Line 19","51.4","72","2.45","25.16",6222,"34.6","Error","96.53","No","98.84",4,2,15,5388,"E001","Error condition E001","02-04-2024","24-11-2024"
"LOG00000199","17-02-2024","07:19:57",2024,4,"MACH00100","Machine 100","MODEL-5039","Compressor","Omron","FAC08","Factory 8","LINE020","Assembly Line 20","65.1","36","5.03","9.03",4855,"39.98","Stopped","91.43","No","68.44",21,0,10,376,"E002","Error condition E002","19-12-2024","17-05-2024"
"LOG00000200","03-02-2024","20:27:18",2024,8,"MACH00001","Machine 1","MODEL-2848","CNC Machine","Siemens","FAC01","Factory 1","LINE021","Assembly Line 21","56.3","58.4","6.29","0.01",4573,"42.37","Running","71.61","No","70.26",0,19,11,2250,"E003","Error condition E003","27-03-2024","17-12-2024"
"LOG00000201","06-07-2024","03:16:28",2024,12,"MACH00002","Machine 2","MODEL-9311","Hydraulic Press","ABB","FAC02","Factory 2","LINE022","Assembly Line 22","40.3","66.4","3.32","2.6",2241,"29.68","Idle","67","Yes","82.68",19,17,7,3911,"E004","Error condition E004","11-09-2024","15-04-2024"
"LOG00000202","02-08-2024","16:30:45",2024,3,"MACH00003","Machine 3","MODEL-2507","Conveyor","Fanuc","FAC03","Factory 3","LINE023","Assembly Line 23","78.1","49","4.58","42.92",9983,"30.4","Maintenance","52.15","Yes","97.46",14,9,22,5257,"E005","Error condition E005","08-05-2024","14-03-2024"
"LOG00000203","06-09-2024","22:49:50",2024,5,"MACH00004","Machine 4","MODEL-3836","Robot Arm","KUKA","FAC04","Factory 4","LINE024","Assembly Line 24","57.6","66.4","4.76","33.77",1626,"42.29","Error","56.75","Yes","71.08",13,23,19,7416,"None","No errors","06-09-2024","22-10-2024"
"LOG00000204","19-08-2024","05:05:59",2024,5,"MACH00005","Machine 5","MODEL-6634","Welder","Bosch","FAC05","Factory 5","LINE025","Assembly Line 25","49.4","54.6","8.26","13.4",7243,"30.48","Stopped","71.51","No","63.07",3,8,10,3464,"E001","Error condition E001","13-06-2024","03-03-2024"
"LOG00000205","11-01-2024","02:12:55",2024,1,"MACH00006","Machine 6","MODEL-9899","Drill","Mitsubishi","FAC06","Factory 6","LINE026","Assembly Line 26","30.6","51","7.38","8.8",8795,"42.99","Running","99.72","No","93.15",14,11,13,4517,"E002","Error condition E002","18-02-2024","05-08-2024"
"LOG00000206","08-05-2024","07:56:25",2024,7,"MACH00007","Machine 7","MODEL-3516","Lathe","Yaskawa","FAC07","Factory 7","LINE027","Assembly Line 27","60.7","75.9","8.85","12.69",5890,"20.43","Idle","59.36","Yes","72.15",3,4,18,4201,"E003","Error condition E003","09-09-2024","21-06-2024"
"LOG00000207","09-01-2024","18:47:46",2024,12,"MACH00008","Machine 8","MODEL-7785","Compressor","Omron","FAC08","Factory 8","LINE028","Assembly Line 28","44.4","48.6","0.84","15.55",3929,"10.92","Maintenance","84.14","No","99.83",11,10,23,6131,"E004","Error condition E004","21-11-2024","05-06-2024"
"LOG00000208","25-07-2024","19:48:12",2024,8,"MACH00009","Machine 9","MODEL-4223","CNC Machine","Siemens","FAC01","Factory 1","LINE029","Assembly Line 29","76.9","35.7","8.65","3.92",904,"22.29","Error","77.77","No","76.85",22,12,17,3899,"E005","Error condition E005","27-11-2024","22-05-2024"
"LOG00000209","21-02-2024","13:12:01",2024,5,"MACH00010","Machine 10","MODEL-5991","Hydraulic Press","ABB","FAC02","Factory 2","LINE030","Assembly Line 30","75.8","56.5","3.97","10.6",6614,"23.12","Stopped","96.74","No","65.74",13,15,14,3123,"None","No errors","19-04-2024","08-02-2024"
"LOG00000210","20-09-2024","00:23:16",2024,6,"MACH00011","Machine 11","MODEL-5742","Conveyor","Fanuc","FAC03","Factory 3","LINE001","Assembly Line 1","63.9","59.7","3.45","23.74",7418,"41.57","Running","89.52","No","92.62",19,13,8,6081,"E001","Error condition E001","25-09-2024","17-06-2024"
"LOG00000211","05-04-2024","03:26:35",2024,3,"MACH00012","Machine 12","MODEL-5010","Robot Arm","KUKA","FAC04","Factory 4","LINE002","Assembly Line 2","60.9","57.5","5.55","35.64",1915,"28.32","Idle","56.26","Yes","83.51",4,5,2,2899,"E002","Error condition E002","15-03-2024","11-02-2024"
"LOG00000212","01-10-2024","03:02:44",2024,3,"MACH00013","Machine 13","MODEL-4292","Welder","Bosch","FAC05","Factory 5","LINE003","Assembly Line 3","68.1","40.1","5.31","26.96",1278,"14.95","Maintenance","83.31","No","82.69",19,0,22,3599,"E003","Error condition E003","04-11-2024","04-09-2024"
"LOG00000213","24-02-2024","05:03:44",2024,7,"MACH00014","Machine 14","MODEL-2922","Drill","Mitsubishi","FAC06","Factory 6","LINE004","Assembly Line 4","38.6","31.2","1.84","18.55",3492,"45.11","Error","75.52","No","97.88",5,4,16,7677,"E004","Error condition E004","21-12-2024","05-09-2024"
"LOG00000214","22-02-2024","16:38:26",2024,6,"MACH00015","Machine 15","MODEL-4914","Lathe","Yaskawa","FAC07","Factory 7","LINE005","Assembly Line 5","78.8","58.9","3.81","18.35",4237,"41.24","Stopped","71.55","No","96.52",20,19,9,1084,"E005","Error condition E005","11-01-2024","11-09-2024"
"LOG00000215","14-04-2024","11:52:01",2024,12,"MACH00016","Machine 16","MODEL-5983","Compressor","Omron","FAC08","Factory 8","LINE006","Assembly Line 6","46.1","44","3.77","15.23",397,"43.89","Running","77.07","No","79.85",20,17,3,44,"None","No errors","28-09-2024","27-03-2024"
"LOG00000216","16-03-2024","00:52:04",2024,2,"MACH00017","Machine 17","MODEL-3881","CNC Machine","Siemens","FAC01","Factory 1","LINE007","Assembly Line 7","67.8","42.8","8.48","49.86",621,"48.67","Idle","67","Yes","74.84",0,10,20,4076,"E001","Error condition E001","09-08-2024","10-01-2024"
"LOG00000217","12-11-2024","19:17:16",2024,1,"MACH00018","Machine 18","MODEL-2597","Hydraulic Press","ABB","FAC02","Factory 2","LINE008","Assembly Line 8","69.7","51.1","0.88","37.08",9639,"37.48","Maintenance","65.3","Yes","92.54",11,16,5,8846,"E002","Error condition E002","15-09-2024","04-06-2024"
"LOG00000218","09-07-2024","16:45:42",2024,3,"MACH00019","Machine 19","MODEL-1169","Conveyor","Fanuc","FAC03","Factory 3","LINE009","Assembly Line 9","54.4","58.3","9.16","14.96",3912,"9.43","Error","57.52","Yes","99.81",3,15,22,1662,"E003","Error condition E003","09-04-2024","07-07-2024"
"LOG00000219","18-09-2024","04:46:14",2024,4,"MACH00020","Machine 20","MODEL-8847","Robot Arm","KUKA","FAC04","Factory 4","LINE010","Assembly Line 10","54.7","38.9","5.33","31.18",4810,"9.84","Stopped","95.87","No","97.63",13,2,4,4996,"E004","Error condition E004","11-10-2024","14-03-2024"
"LOG00000220","28-07-2024","07:03:15",2024,2,"MACH00021","Machine 21","MODEL-5393","Welder","Bosch","FAC05","Factory 5","LINE011","Assembly Line 11","45.5","42.2","8.26","1.2",6842,"24.95","Running","60.07","Yes","70.34",13,16,5,9096,"E005","Error condition E005","23-07-2024","16-02-2024"
"LOG00000221","26-04-2024","23:04:12",2024,11,"MACH00022","Machine 22","MODEL-8551","Drill","Mitsubishi","FAC06","Factory 6","LINE012","Assembly Line 12","71.6","71.1","9.68","0.4",8104,"36.56","Idle","77.48","No","66.39",23,12,16,7082,"None","No errors","01-06-2024","16-01-2024"
"LOG00000222","21-08-2024","20:54:14",2024,8,"MACH00023","Machine 23","MODEL-8865","Lathe","Yaskawa","FAC07","Factory 7","LINE013","Assembly Line 13","34.8","52.4","9.46","19.11",8527,"21.86","Maintenance","96.03","No","83.04",18,23,4,8869,"E001","Error condition E001","26-01-2024","17-02-2024"
"LOG00000223","24-04-2024","01:56:44",2024,8,"MACH00024","Machine 24","MODEL-5358","Compressor","Omron","FAC08","Factory 8","LINE014","Assembly Line 14","40.5","30.9","5.24","7.58",9631,"25.89","Error","98.2","No","95.39",13,9,1,6768,"E002","Error condition E002","18-07-2024","09-06-2024"
"LOG00000224","10-01-2024","07:00:33",2024,5,"MACH00025","Machine 25","MODEL-2629","CNC Machine","Siemens","FAC01","Factory 1","LINE015","Assembly Line 15","74.9","63.2","4.09","8.21",7949,"47.63","Stopped","90.5","No","72.38",0,5,2,2702,"E003","Error condition E003","18-10-2024","14-02-2024"
"LOG00000225","09-08-2024","10:32:25",2024,1,"MACH00026","Machine 26","MODEL-2286","Hydraulic Press","ABB","FAC02","Factory 2","LINE016","Assembly Line 16","25.3","69.1","7.72","21.8",1043,"19.22","Running","70.58","No","88.3",14,12,1,4155,"E004","Error condition E004","19-09-2024","13-05-2024"
"LOG00000226","23-02-2024","15:29:03",2024,4,"MACH00027","Machine 27","MODEL-2067","Conveyor","Fanuc","FAC03","Factory 3","LINE017","Assembly Line 17","78.4","59.5","7.19","41.96",179,"6.05","Idle","97.5","No","69.87",11,17,11,1798,"E005","Error condition E005","19-03-2024","03-04-2024"
"LOG00000227","16-11-2024","04:40:46",2024,8,"MACH00028","Machine 28","MODEL-4710","Robot Arm","KUKA","FAC04","Factory 4","LINE018","Assembly Line 18","39.2","62.5","6.07","46.24",1549,"34.78","Maintenance","81.06","No","94.07",6,5,10,962,"None","No errors","28-09-2024","03-05-2024"
"LOG00000228","21-02-2024","14:29:14",2024,12,"MACH00029","Machine 29","MODEL-4956","Welder","Bosch","FAC05","Factory 5","LINE019","Assembly Line 19","76","51.7","1.37","37.17",569,"5.92","Error","77.76","No","91.46",0,15,22,5022,"E001","Error condition E001","13-01-2024","27-09-2024"
"LOG00000229","04-03-2024","16:55:06",2024,1,"MACH00030","Machine 30","MODEL-6080","Drill","Mitsubishi","FAC06","Factory 6","LINE020","Assembly Line 20","28.8","61.3","3.63","49.84",768,"12.41","Stopped","80.86","No","77.65",1,6,22,9211,"E002","Error condition E002","06-01-2024","12-08-2024"
"LOG00000230","05-04-2024","06:47:53",2024,6,"MACH00031","Machine 31","MODEL-7356","Lathe","Yaskawa","FAC07","Factory 7","LINE021","Assembly Line 21","42.4","69.9","7.57","11.42",6655,"46.39","Running","94.86","No","72.8",5,6,23,946,"E003","Error condition E003","09-09-2024","22-01-2024"
"LOG00000231","08-07-2024","01:35:34",2024,12,"MACH00032","Machine 32","MODEL-7409","Compressor","Omron","FAC08","Factory 8","LINE022","Assembly Line 22","45.7","41.7","2.58","39.79",2796,"42.66","Idle","65.39","Yes","92.61",7,9,10,9500,"E004","Error condition E004","20-12-2024","26-06-2024"
"LOG00000232","14-05-2024","05:17:14",2024,10,"MACH00033","Machine 33","MODEL-4678","CNC Machine","Siemens","FAC01","Factory 1","LINE023","Assembly Line 23","72.7","64.8","5.15","34.63",6765,"22.57","Maintenance","61.8","Yes","62.3",5,5,23,805,"E005","Error condition E005","28-01-2024","24-07-2024"
"LOG00000233","26-09-2024","19:03:46",2024,10,"MACH00034","Machine 34","MODEL-1669","Hydraulic Press","ABB","FAC02","Factory 2","LINE024","Assembly Line 24","65.3","61.9","2.16","12.87",6188,"30.43","Error","58.71","Yes","93.47",5,11,24,6257,"None","No errors","22-10-2024","24-03-2024"
"LOG00000234","19-10-2024","12:36:15",2024,2,"MACH00035","Machine 35","MODEL-1826","Conveyor","Fanuc","FAC03","Factory 3","LINE025","Assembly Line 25","55.3","62.9","8.48","35.49",7022,"5.77","Stopped","76.36","No","98.64",0,17,14,9622,"E001","Error condition E001","15-07-2024","22-12-2024"
"LOG00000235","02-08-2024","08:58:48",2024,2,"MACH00036","Machine 36","MODEL-4381","Robot Arm","KUKA","FAC04","Factory 4","LINE026","Assembly Line 26","45.7","78.7","4.37","25.47",1970,"30.59","Running","63.74","Yes","91.2",7,2,24,8999,"E002","Error condition E002","01-07-2024","09-06-2024"
"LOG00000236","14-05-2024","23:25:19",2024,7,"MACH00037","Machine 37","MODEL-4491","Welder","Bosch","FAC05","Factory 5","LINE027","Assembly Line 27","64.6","55.7","7.73","38.18",7284,"4.78","Idle","79.98","No","76.17",18,20,1,4624,"E003","Error condition E003","26-02-2024","08-12-2024"
"LOG00000237","28-09-2024","00:15:57",2024,4,"MACH00038","Machine 38","MODEL-6838","Drill","Mitsubishi","FAC06","Factory 6","LINE028","Assembly Line 28","76.7","74.3","8.61","37",5667,"44.16","Maintenance","50.54","Yes","84.25",19,2,0,2499,"E004","Error condition E004","25-11-2024","15-05-2024"
"LOG00000238","26-09-2024","18:07:18",2024,2,"MACH00039","Machine 39","MODEL-9744","Lathe","Yaskawa","FAC07","Factory 7","LINE029","Assembly Line 29","36.9","60.6","3.78","19.29",9180,"7.87","Error","65.62","Yes","90.89",0,2,8,611,"E005","Error condition E005","17-02-2024","10-01-2024"
"LOG00000239","13-07-2024","02:37:48",2024,1,"MACH00040","Machine 40","MODEL-9450","Compressor","Omron","FAC08","Factory 8","LINE030","Assembly Line 30","64.1","64.1","6.98","15.63",6335,"36.43","Stopped","99.69","No","70.2",15,18,2,5513,"None","No errors","17-12-2024","01-09-2024"
"LOG00000240","18-09-2024","07:24:15",2024,8,"MACH00041","Machine 41","MODEL-4889","CNC Machine","Siemens","FAC01","Factory 1","LINE001","Assembly Line 1","40.2","35.5","1.97","12.26",1872,"29.48","Running","54.3","Yes","74.94",1,4,22,1052,"E001","Error condition E001","19-02-2024","17-07-2024"
"LOG00000241","23-02-2024","19:15:52",2024,1,"MACH00042","Machine 42","MODEL-2901","Hydraulic Press","ABB","FAC02","Factory 2","LINE002","Assembly Line 2","77.7","39.9","5.07","4.75",5004,"39.09","Idle","57.89","Yes","61.58",5,13,15,2035,"E002","Error condition E002","03-09-2024","06-06-2024"
"LOG00000242","10-05-2024","05:57:42",2024,11,"MACH00043","Machine 43","MODEL-5289","Conveyor","Fanuc","FAC03","Factory 3","LINE003","Assembly Line 3","44.2","37.4","4.88","40.44",4508,"48.34","Maintenance","75.94","No","72.99",4,22,8,6704,"E003","Error condition E003","07-02-2024","09-08-2024"
"LOG00000243","09-12-2024","05:43:35",2024,2,"MACH00044","Machine 44","MODEL-7657","Robot Arm","KUKA","FAC04","Factory 4","LINE004","Assembly Line 4","40.4","30.6","5.72","23.39",9750,"38.81","Error","95.3","No","82.72",22,10,2,8415,"E004","Error condition E004","14-03-2024","06-03-2024"
"LOG00000244","04-10-2024","23:50:35",2024,6,"MACH00045","Machine 45","MODEL-6764","Welder","Bosch","FAC05","Factory 5","LINE005","Assembly Line 5","67.3","47.7","6.49","36.67",253,"21.53","Stopped","75.15","No","83.67",14,4,18,537,"E005","Error condition E005","04-04-2024","01-04-2024"
"LOG00000245","17-02-2024","10:26:29",2024,4,"MACH00046","Machine 46","MODEL-5648","Drill","Mitsubishi","FAC06","Factory 6","LINE006","Assembly Line 6","28.5","73.4","4.29","9.5",688,"41.06","Running","74.55","No","76.06",3,3,20,1060,"None","No errors","06-12-2024","07-02-2024"
"LOG00000246","01-05-2024","06:21:34",2024,4,"MACH00047","Machine 47","MODEL-8072","Lathe","Yaskawa","FAC07","Factory 7","LINE007","Assembly Line 7","57.2","71.1","5.76","12.32",2767,"8.91","Idle","98.89","No","79.42",8,3,15,6329,"E001","Error condition E001","20-06-2024","23-09-2024"
"LOG00000247","21-07-2024","14:17:36",2024,1,"MACH00048","Machine 48","MODEL-6763","Compressor","Omron","FAC08","Factory 8","LINE008","Assembly Line 8","58.5","72","4.27","46.38",3553,"40.07","Maintenance","64.97","Yes","73.36",13,11,14,9001,"E002","Error condition E002","01-04-2024","14-07-2024"
"LOG00000248","11-09-2024","03:58:53",2024,9,"MACH00049","Machine 49","MODEL-2013","CNC Machine","Siemens","FAC01","Factory 1","LINE009","Assembly Line 9","51","77.6","8.47","27.68",3776,"31.87","Error","51.18","Yes","95.27",0,1,17,136,"E003","Error condition E003","20-12-2024","14-10-2024"
"LOG00000249","02-09-2024","04:49:23",2024,4,"MACH00050","Machine 50","MODEL-5350","Hydraulic Press","ABB","FAC02","Factory 2","LINE010","Assembly Line 10","74.7","39.3","8.44","14.62",9214,"32.55","Stopped","97.2","No","69.19",12,2,9,8234,"E004","Error condition E004","25-02-2024","07-09-2024"
"LOG00000250","19-10-2024","15:34:40",2024,3,"MACH00051","Machine 51","MODEL-9814","Conveyor","Fanuc","FAC03","Factory 3","LINE011","Assembly Line 11","41","36","5.8","43.93",7261,"22.33","Running","83.75","No","78.53",19,13,17,8253,"E005","Error condition E005","11-01-2024","09-08-2024"
"LOG00000251","06-05-2024","15:08:44",2024,10,"MACH00052","Machine 52","MODEL-1010","Robot Arm","KUKA","FAC04","Factory 4","LINE012","Assembly Line 12","62.3","47.9","4.23","3.49",553,"47.77","Idle","85.94","No","62.77",8,4,13,2340,"None","No errors","24-05-2024","06-05-2024"
"LOG00000252","05-06-2024","08:46:43",2024,2,"MACH00053","Machine 53","MODEL-8482","Welder","Bosch","FAC05","Factory 5","LINE013","Assembly Line 13","24.3","36.8","9.79","26.77",7826,"41.34","Maintenance","88.12","No","68.74",16,19,7,1242,"E001","Error condition E001","21-03-2024","27-07-2024"
"LOG00000253","27-03-2024","04:00:00",2024,10,"MACH00054","Machine 54","MODEL-7340","Drill","Mitsubishi","FAC06","Factory 6","LINE014","Assembly Line 14","35.7","77.8","1.46","1.18",6761,"10.83","Error","97.18","No","62.98",10,17,21,7261,"E002","Error condition E002","11-06-2024","05-02-2024"
"LOG00000254","05-07-2024","16:52:00",2024,9,"MACH00055","Machine 55","MODEL-4054","Lathe","Yaskawa","FAC07","Factory 7","LINE015","Assembly Line 15","34.3","46.8","7.72","49.49",5937,"2.11","Stopped","79.88","No","84.38",21,12,6,1873,"E003","Error condition E003","14-03-2024","20-08-2024"
"LOG00000255","17-03-2024","04:11:58",2024,7,"MACH00056","Machine 56","MODEL-1832","Compressor","Omron","FAC08","Factory 8","LINE016","Assembly Line 16","67.5","66.6","3.81","37.57",3492,"3.64","Running","69.24","Yes","66",24,15,7,1669,"E004","Error condition E004","03-02-2024","25-02-2024"
"LOG00000256","10-04-2024","03:31:31",2024,8,"MACH00057","Machine 57","MODEL-2110","CNC Machine","Siemens","FAC01","Factory 1","LINE017","Assembly Line 17","68.5","31.3","4.7","13.95",1905,"44.87","Idle","87.42","No","70.86",3,20,2,9207,"E005","Error condition E005","27-06-2024","27-01-2024"
"LOG00000257","06-04-2024","15:16:01",2024,3,"MACH00058","Machine 58","MODEL-5008","Hydraulic Press","ABB","FAC02","Factory 2","LINE018","Assembly Line 18","59.9","45.1","3.42","45.08",1908,"23.82","Maintenance","59.49","Yes","72.08",2,15,16,3892,"None","No errors","27-11-2024","25-04-2024"
"LOG00000258","06-01-2024","02:11:48",2024,9,"MACH00059","Machine 59","MODEL-8864","Conveyor","Fanuc","FAC03","Factory 3","LINE019","Assembly Line 19","35.6","69.6","9.61","38.86",6448,"10.28","Error","62.2","Yes","75.05",13,9,19,2911,"E001","Error condition E001","16-10-2024","10-07-2024"
"LOG00000259","02-08-2024","02:54:58",2024,1,"MACH00060","Machine 60","MODEL-5752","Robot Arm","KUKA","FAC04","Factory 4","LINE020","Assembly Line 20","72.9","51.6","6.49","17.43",3447,"1.38","Stopped","83.25","No","80.14",15,1,8,808,"E002","Error condition E002","12-10-2024","15-05-2024"
"LOG00000260","15-01-2024","09:00:56",2024,12,"MACH00061","Machine 61","MODEL-8302","Welder","Bosch","FAC05","Factory 5","LINE021","Assembly Line 21","39.7","61.7","7.54","32.63",721,"9.4","Running","61.39","Yes","80.75",3,21,2,6718,"E003","Error condition E003","18-12-2024","09-08-2024"
"LOG00000261","24-12-2024","05:47:39",2024,1,"MACH00062","Machine 62","MODEL-4560","Drill","Mitsubishi","FAC06","Factory 6","LINE022","Assembly Line 22","42.3","74.4","4.59","26.9",4581,"4.01","Idle","93.18","No","65.29",14,14,17,2474,"E004","Error condition E004","24-04-2024","08-02-2024"
"LOG00000262","25-12-2024","08:19:16",2024,12,"MACH00063","Machine 63","MODEL-8607","Lathe","Yaskawa","FAC07","Factory 7","LINE023","Assembly Line 23","74.4","58.5","8.72","17.92",8137,"41.83","Maintenance","53.32","Yes","65.41",0,3,12,1747,"E005","Error condition E005","21-07-2024","15-10-2024"
"LOG00000263","27-09-2024","12:46:12",2024,1,"MACH00064","Machine 64","MODEL-5497","Compressor","Omron","FAC08","Factory 8","LINE024","Assembly Line 24","44.3","66.3","9.28","9.16",5308,"26.41","Error","64.07","Yes","65.51",16,11,13,4671,"None","No errors","03-07-2024","15-09-2024"
"LOG00000264","25-12-2024","18:34:19",2024,7,"MACH00065","Machine 65","MODEL-5086","CNC Machine","Siemens","FAC01","Factory 1","LINE025","Assembly Line 25","58.3","53.9","8.62","20.62",6411,"43.04","Stopped","91.94","No","76.5",6,3,7,9339,"E001","Error condition E001","15-06-2024","17-04-2024"
"LOG00000265","23-05-2024","09:42:54",2024,5,"MACH00066","Machine 66","MODEL-4287","Hydraulic Press","ABB","FAC02","Factory 2","LINE026","Assembly Line 26","59.7","32.3","4.78","42.61",3081,"46.81","Running","93.2","No","93.92",2,18,11,8590,"E002","Error condition E002","03-08-2024","17-01-2024"
"LOG00000266","17-12-2024","22:49:38",2024,2,"MACH00067","Machine 67","MODEL-1202","Conveyor","Fanuc","FAC03","Factory 3","LINE027","Assembly Line 27","63.2","37.9","5.49","10.79",8207,"8.34","Idle","81.66","No","98.67",17,10,18,1062,"E003","Error condition E003","25-11-2024","19-05-2024"
"LOG00000267","16-12-2024","10:08:04",2024,6,"MACH00068","Machine 68","MODEL-1839","Robot Arm","KUKA","FAC04","Factory 4","LINE028","Assembly Line 28","47.1","47.3","8.62","0.4",3034,"45.59","Maintenance","93.57","No","66.37",14,2,5,2782,"E004","Error condition E004","02-03-2024","12-05-2024"
"LOG00000268","15-04-2024","16:59:52",2024,9,"MACH00069","Machine 69","MODEL-3721","Welder","Bosch","FAC05","Factory 5","LINE029","Assembly Line 29","52.2","71.9","1.32","11.17",1956,"32.17","Error","90.82","No","87.68",14,19,18,3777,"E005","Error condition E005","09-05-2024","05-06-2024"
"LOG00000269","24-04-2024","13:54:26",2024,2,"MACH00070","Machine 70","MODEL-4535","Drill","Mitsubishi","FAC06","Factory 6","LINE030","Assembly Line 30","62.7","34.6","4.8","9.26",8582,"7.54","Stopped","90.05","No","97.64",2,24,8,8469,"None","No errors","26-06-2024","12-03-2024"
"LOG00000270","14-10-2024","16:37:16",2024,3,"MACH00071","Machine 71","MODEL-9886","Lathe","Yaskawa","FAC07","Factory 7","LINE001","Assembly Line 1","51.2","44.9","1.41","33.93",9173,"22.55","Running","91.89","No","61.55",6,12,23,2959,"E001","Error condition E001","02-11-2024","03-05-2024"
"LOG00000271","18-06-2024","03:57:26",2024,2,"MACH00072","Machine 72","MODEL-4167","Compressor","Omron","FAC08","Factory 8","LINE002","Assembly Line 2","55.1","61.6","2.03","31.04",4636,"17.21","Idle","54.87","Yes","73.13",1,24,0,4619,"E002","Error condition E002","23-05-2024","14-03-2024"
"LOG00000272","11-10-2024","14:51:11",2024,10,"MACH00073","Machine 73","MODEL-8144","CNC Machine","Siemens","FAC01","Factory 1","LINE003","Assembly Line 3","61.9","58.9","1.86","15.53",7262,"36.18","Maintenance","82.92","No","93.97",12,18,24,7202,"E003","Error condition E003","15-08-2024","15-03-2024"
"LOG00000273","17-05-2024","05:28:59",2024,8,"MACH00074","Machine 74","MODEL-6043","Hydraulic Press","ABB","FAC02","Factory 2","LINE004","Assembly Line 4","40.3","33.2","4.18","46.35",3345,"16.85","Error","72.41","No","66.26",0,15,5,1417,"E004","Error condition E004","09-04-2024","17-09-2024"
"LOG00000274","26-10-2024","18:28:01",2024,8,"MACH00075","Machine 75","MODEL-6118","Conveyor","Fanuc","FAC03","Factory 3","LINE005","Assembly Line 5","43.6","46.2","8.73","3.58",5574,"6.23","Stopped","65.17","Yes","70.03",19,22,6,3665,"E005","Error condition E005","02-05-2024","18-08-2024"
"LOG00000275","15-02-2024","22:39:31",2024,3,"MACH00076","Machine 76","MODEL-9759","Robot Arm","KUKA","FAC04","Factory 4","LINE006","Assembly Line 6","32.8","71.6","2.13","29.7",8396,"31.21","Running","73.81","No","74.72",5,21,1,9741,"None","No errors","05-12-2024","28-10-2024"
"LOG00000276","02-07-2024","11:07:37",2024,2,"MACH00077","Machine 77","MODEL-6465","Welder","Bosch","FAC05","Factory 5","LINE007","Assembly Line 7","38.3","50.5","8.08","25.2",770,"33.31","Idle","71.3","No","75.23",24,8,15,7867,"E001","Error condition E001","27-11-2024","08-11-2024"
"LOG00000277","01-07-2024","02:57:08",2024,7,"MACH00078","Machine 78","MODEL-7098","Drill","Mitsubishi","FAC06","Factory 6","LINE008","Assembly Line 8","54","54.3","6.17","11.67",5800,"29.21","Maintenance","51.58","Yes","80.04",5,3,11,8869,"E002","Error condition E002","13-03-2024","12-08-2024"
"LOG00000278","14-10-2024","05:59:20",2024,9,"MACH00079","Machine 79","MODEL-6303","Lathe","Yaskawa","FAC07","Factory 7","LINE009","Assembly Line 9","49.6","66.9","6.19","46.55",4651,"38.79","Error","92.3","No","65.54",7,21,5,212,"E003","Error condition E003","03-08-2024","03-06-2024"
"LOG00000279","05-03-2024","18:48:02",2024,8,"MACH00080","Machine 80","MODEL-7609","Compressor","Omron","FAC08","Factory 8","LINE010","Assembly Line 10","48.6","74.9","8.92","37.58",3740,"24.42","Stopped","85.95","No","66.34",6,7,20,4773,"E004","Error condition E004","11-06-2024","07-02-2024"
"LOG00000280","13-02-2024","17:00:56",2024,3,"MACH00081","Machine 81","MODEL-2966","CNC Machine","Siemens","FAC01","Factory 1","LINE011","Assembly Line 11","62","60","7.16","38.49",3437,"18.29","Running","74.68","No","70.24",7,2,18,742,"E005","Error condition E005","28-12-2024","19-11-2024"
"LOG00000281","22-08-2024","19:19:23",2024,12,"MACH00082","Machine 82","MODEL-7627","Hydraulic Press","ABB","FAC02","Factory 2","LINE012","Assembly Line 12","79.6","54.2","9.29","1.2",160,"36.91","Idle","50.83","Yes","78.44",8,4,4,2691,"None","No errors","24-02-2024","22-11-2024"
"LOG00000282","07-02-2024","13:59:56",2024,11,"MACH00083","Machine 83","MODEL-1337","Conveyor","Fanuc","FAC03","Factory 3","LINE013","Assembly Line 13","71.9","55.4","9.02","42.15",3824,"1.44","Maintenance","72.32","No","76.8",5,10,5,32,"E001","Error condition E001","21-10-2024","27-08-2024"
"LOG00000283","03-03-2024","17:36:29",2024,8,"MACH00084","Machine 84","MODEL-4810","Robot Arm","KUKA","FAC04","Factory 4","LINE014","Assembly Line 14","62.7","46","6.73","33.52",9640,"2.15","Error","88.87","No","81.79",0,10,19,7640,"E002","Error condition E002","26-05-2024","24-01-2024"
"LOG00000284","04-08-2024","19:54:37",2024,2,"MACH00085","Machine 85","MODEL-5903","Welder","Bosch","FAC05","Factory 5","LINE015","Assembly Line 15","33.8","57.7","6.39","11.7",8329,"25.28","Stopped","94.55","No","72.31",1,4,20,6914,"E003","Error condition E003","16-09-2024","16-07-2024"
"LOG00000285","28-05-2024","06:17:53",2024,9,"MACH00086","Machine 86","MODEL-7184","Drill","Mitsubishi","FAC06","Factory 6","LINE016","Assembly Line 16","70.3","43.3","9.63","12.18",2413,"37.67","Running","81.2","No","89.05",8,7,13,5266,"E004","Error condition E004","15-07-2024","15-12-2024"
"LOG00000286","11-06-2024","19:14:50",2024,10,"MACH00087","Machine 87","MODEL-2102","Lathe","Yaskawa","FAC07","Factory 7","LINE017","Assembly Line 17","41.1","75.9","8.83","47.32",7768,"39.45","Idle","91.05","No","98.05",2,21,12,4352,"E005","Error condition E005","19-10-2024","14-03-2024"
"LOG00000287","15-02-2024","13:51:28",2024,4,"MACH00088","Machine 88","MODEL-2020","Compressor","Omron","FAC08","Factory 8","LINE018","Assembly Line 18","44.7","77.7","9.08","38.11",4367,"3.06","Maintenance","68.97","Yes","94.98",1,9,0,2404,"None","No errors","21-12-2024","12-06-2024"
"LOG00000288","17-06-2024","12:43:05",2024,11,"MACH00089","Machine 89","MODEL-4869","CNC Machine","Siemens","FAC01","Factory 1","LINE019","Assembly Line 19","31.6","60.4","2.4","0.04",1194,"24.37","Error","97.55","No","70.52",0,16,21,5159,"E001","Error condition E001","13-01-2024","24-01-2024"
"LOG00000289","16-02-2024","15:12:21",2024,9,"MACH00090","Machine 90","MODEL-2424","Hydraulic Press","ABB","FAC02","Factory 2","LINE020","Assembly Line 20","35","77.8","3.51","15.96",7085,"36.82","Stopped","64.89","Yes","97.93",6,20,22,5858,"E002","Error condition E002","15-05-2024","20-05-2024"
"LOG00000290","13-11-2024","16:47:59",2024,7,"MACH00091","Machine 91","MODEL-3260","Conveyor","Fanuc","FAC03","Factory 3","LINE021","Assembly Line 21","67.8","79.5","5.02","42.34",6208,"26.71","Running","95.42","No","92.3",24,12,15,8198,"E003","Error condition E003","11-08-2024","04-09-2024"
"LOG00000291","18-02-2024","02:31:34",2024,2,"MACH00092","Machine 92","MODEL-3059","Robot Arm","KUKA","FAC04","Factory 4","LINE022","Assembly Line 22","33.7","75.8","9.55","23.57",835,"16.64","Idle","90.89","No","98.23",12,0,21,5624,"E004","Error condition E004","19-03-2024","01-06-2024"
"LOG00000292","21-02-2024","00:30:13",2024,5,"MACH00093","Machine 93","MODEL-7876","Welder","Bosch","FAC05","Factory 5","LINE023","Assembly Line 23","29.7","47","8.03","41.09",2743,"9.78","Maintenance","97.36","No","78.85",22,14,0,4968,"E005","Error condition E005","26-05-2024","03-09-2024"
"LOG00000293","22-03-2024","14:30:23",2024,8,"MACH00094","Machine 94","MODEL-9760","Drill","Mitsubishi","FAC06","Factory 6","LINE024","Assembly Line 24","62.4","60.9","4.04","48.92",116,"46.15","Error","69.12","Yes","75.52",8,21,19,4852,"None","No errors","21-05-2024","21-01-2024"
"LOG00000294","05-07-2024","04:27:55",2024,5,"MACH00095","Machine 95","MODEL-6703","Lathe","Yaskawa","FAC07","Factory 7","LINE025","Assembly Line 25","50.1","73.8","5.54","32.95",3388,"3.56","Stopped","63.03","Yes","72.53",3,8,19,34,"E001","Error condition E001","20-11-2024","14-08-2024"
"LOG00000295","07-01-2024","05:27:15",2024,12,"MACH00096","Machine 96","MODEL-6430","Compressor","Omron","FAC08","Factory 8","LINE026","Assembly Line 26","56.8","68","4.08","6.49",835,"45.77","Running","81.02","No","87.2",21,8,24,3659,"E002","Error condition E002","14-09-2024","17-05-2024"
"LOG00000296","20-07-2024","14:12:06",2024,12,"MACH00097","Machine 97","MODEL-1074","CNC Machine","Siemens","FAC01","Factory 1","LINE027","Assembly Line 27","26.4","68.5","2.96","13.07",7737,"15.7","Idle","77.51","No","66.9",16,19,0,1265,"E003","Error condition E003","06-05-2024","28-09-2024"
"LOG00000297","20-12-2024","11:46:02",2024,3,"MACH00098","Machine 98","MODEL-8286","Hydraulic Press","ABB","FAC02","Factory 2","LINE028","Assembly Line 28","56.6","75.7","2.92","34.81",5249,"0.84","Maintenance","55.8","Yes","71.1",22,24,15,5587,"E004","Error condition E004","28-04-2024","19-04-2024"
"LOG00000298","05-07-2024","17:27:02",2024,5,"MACH00099","Machine 99","MODEL-2807","Conveyor","Fanuc","FAC03","Factory 3","LINE029","Assembly Line 29","74.6","33.1","3.25","42.94",7240,"49.41","Error","73.22","No","61.33",7,13,1,6839,"E005","Error condition E005","25-05-2024","20-08-2024"
"LOG00000299","25-11-2024","18:14:23",2024,3,"MACH00100","Machine 100","MODEL-1444","Robot Arm","KUKA","FAC04","Factory 4","LINE030","Assembly Line 30","62","72.8","6.82","4.19",6372,"36.68","Stopped","50.5","Yes","96.71",22,2,6,182,"None","No errors","07-11-2024","15-07-2024"
"LOG00000300","26-02-2024","20:41:33",2024,9,"MACH00001","Machine 1","MODEL-9672","Welder","Bosch","FAC05","Factory 5","LINE001","Assembly Line 1","36.9","51.4","2.32","42.18",7218,"16.6","Running","88.51","No","93.3",0,18,9,9370,"E001","Error condition E001","01-08-2024","14-10-2024"
"LOG00000301","05-12-2024","01:48:54",2024,11,"MACH00002","Machine 2","MODEL-5446","Drill","Mitsubishi","FAC06","Factory 6","LINE002","Assembly Line 2","53.3","54.4","9.09","16.08",6479,"18.03","Idle","74.75","No","83.95",23,14,13,3295,"E002","Error condition E002","16-03-2024","20-09-2024"
"LOG00000302","04-02-2024","14:34:59",2024,10,"MACH00003","Machine 3","MODEL-6922","Lathe","Yaskawa","FAC07","Factory 7","LINE003","Assembly Line 3","38","38.7","9.06","27.85",5982,"39.77","Maintenance","86.83","No","78",23,23,10,5555,"E003","Error condition E003","27-06-2024","11-06-2024"
"LOG00000303","19-06-2024","11:31:50",2024,10,"MACH00004","Machine 4","MODEL-6488","Compressor","Omron","FAC08","Factory 8","LINE004","Assembly Line 4","69.3","57.1","7.6","0.24",4924,"26.26","Error","89.08","No","97.76",17,9,1,3149,"E004","Error condition E004","08-03-2024","08-04-2024"
"LOG00000304","14-12-2024","13:51:44",2024,10,"MACH00005","Machine 5","MODEL-4868","CNC Machine","Siemens","FAC01","Factory 1","LINE005","Assembly Line 5","64.4","59.1","3.83","28.95",3041,"30.89","Stopped","84.1","No","62.76",1,22,20,252,"E005","Error condition E005","27-05-2024","09-11-2024"
"LOG00000305","15-07-2024","17:03:16",2024,2,"MACH00006","Machine 6","MODEL-4323","Hydraulic Press","ABB","FAC02","Factory 2","LINE006","Assembly Line 6","42.3","45.9","4.85","26.71",2480,"43.11","Running","56.34","Yes","89.08",14,23,14,322,"None","No errors","06-08-2024","04-01-2024"
"LOG00000306","04-02-2024","14:56:32",2024,11,"MACH00007","Machine 7","MODEL-3512","Conveyor","Fanuc","FAC03","Factory 3","LINE007","Assembly Line 7","75.9","60","3.2","44.25",309,"29.56","Idle","60.74","Yes","81.3",6,11,8,9622,"E001","Error condition E001","16-10-2024","12-03-2024"
"LOG00000307","02-06-2024","08:13:01",2024,7,"MACH00008","Machine 8","MODEL-1223","Robot Arm","KUKA","FAC04","Factory 4","LINE008","Assembly Line 8","51.4","77.7","2.77","26.3",5149,"8.54","Maintenance","77.24","No","96.82",9,11,2,5506,"E002","Error condition E002","06-03-2024","03-03-2024"
"LOG00000308","27-07-2024","22:45:14",2024,5,"MACH00009","Machine 9","MODEL-1221","Welder","Bosch","FAC05","Factory 5","LINE009","Assembly Line 9","60.6","47.6","5.12","7.8",7427,"8.53","Error","63.24","Yes","81.31",9,1,20,9716,"E003","Error condition E003","15-04-2024","20-03-2024"
"LOG00000309","14-01-2024","10:21:44",2024,6,"MACH00010","Machine 10","MODEL-8833","Drill","Mitsubishi","FAC06","Factory 6","LINE010","Assembly Line 10","73.3","36.2","6.12","9.63",9684,"24.91","Stopped","92.67","No","90.65",7,4,10,2768,"E004","Error condition E004","04-06-2024","10-03-2024"
"LOG00000310","02-12-2024","19:12:12",2024,12,"MACH00011","Machine 11","MODEL-2983","Lathe","Yaskawa","FAC07","Factory 7","LINE011","Assembly Line 11","41.4","57","3.45","40.33",367,"26.46","Running","72.74","No","66.12",5,13,18,7933,"E005","Error condition E005","28-11-2024","07-01-2024"
"LOG00000311","01-05-2024","05:02:50",2024,1,"MACH00012","Machine 12","MODEL-8150","Compressor","Omron","FAC08","Factory 8","LINE012","Assembly Line 12","64","52.3","4.18","0.71",606,"18.14","Idle","80.15","No","91.26",21,0,23,921,"None","No errors","07-06-2024","10-05-2024"
"LOG00000312","22-07-2024","12:25:47",2024,4,"MACH00013","Machine 13","MODEL-6312","CNC Machine","Siemens","FAC01","Factory 1","LINE013","Assembly Line 13","72.6","53.7","2.98","24.84",9870,"5.3","Maintenance","69.01","Yes","98.48",3,9,13,4968,"E001","Error condition E001","07-06-2024","21-05-2024"
"LOG00000313","05-06-2024","18:49:41",2024,4,"MACH00014","Machine 14","MODEL-5156","Hydraulic Press","ABB","FAC02","Factory 2","LINE014","Assembly Line 14","33.7","58.1","5.88","11.23",7972,"13.85","Error","74.92","No","76.64",18,8,14,4144,"E002","Error condition E002","12-03-2024","07-09-2024"
"LOG00000314","03-07-2024","17:36:59",2024,11,"MACH00015","Machine 15","MODEL-2091","Conveyor","Fanuc","FAC03","Factory 3","LINE015","Assembly Line 15","22.7","30.8","1.34","22.8",6735,"31.95","Stopped","87.9","No","72.86",15,19,12,4191,"E003","Error condition E003","18-06-2024","06-11-2024"
"LOG00000315","22-04-2024","22:25:45",2024,6,"MACH00016","Machine 16","MODEL-3130","Robot Arm","KUKA","FAC04","Factory 4","LINE016","Assembly Line 16","47.1","39.3","0.84","1.74",2614,"3.9","Running","94.37","No","63.18",12,19,14,3459,"E004","Error condition E004","06-04-2024","24-12-2024"
"LOG00000316","04-11-2024","12:15:16",2024,9,"MACH00017","Machine 17","MODEL-2807","Welder","Bosch","FAC05","Factory 5","LINE017","Assembly Line 17","46.5","48.8","8.96","12.19",7949,"25.88","Idle","78.74","No","73.15",11,16,18,5287,"E005","Error condition E005","11-06-2024","02-10-2024"
"LOG00000317","04-02-2024","07:17:03",2024,7,"MACH00018","Machine 18","MODEL-8654","Drill","Mitsubishi","FAC06","Factory 6","LINE018","Assembly Line 18","52.8","36.8","7.55","47.66",3409,"19.79","Maintenance","72.47","No","74.86",12,10,22,9747,"None","No errors","16-02-2024","16-10-2024"
"LOG00000318","07-02-2024","03:56:03",2024,5,"MACH00019","Machine 19","MODEL-5746","Lathe","Yaskawa","FAC07","Factory 7","LINE019","Assembly Line 19","75.1","54.5","6.7","12.24",1671,"47.56","Error","94.86","No","78.25",23,10,23,5244,"E001","Error condition E001","20-04-2024","23-02-2024"
"LOG00000319","09-02-2024","15:04:38",2024,2,"MACH00020","Machine 20","MODEL-8269","Compressor","Omron","FAC08","Factory 8","LINE020","Assembly Line 20","59.7","48.4","9.25","43.16",6595,"17.39","Stopped","70.11","No","72.52",13,8,22,6418,"E002","Error condition E002","22-07-2024","10-02-2024"
"LOG00000320","21-03-2024","01:51:24",2024,5,"MACH00021","Machine 21","MODEL-9632","CNC Machine","Siemens","FAC01","Factory 1","LINE021","Assembly Line 21","75.6","58.5","3.54","46.22",9448,"16.21","Running","51.46","Yes","93.01",10,24,20,2639,"E003","Error condition E003","11-08-2024","25-08-2024"
"LOG00000321","21-05-2024","02:12:46",2024,2,"MACH00022","Machine 22","MODEL-5186","Hydraulic Press","ABB","FAC02","Factory 2","LINE022","Assembly Line 22","54","47.7","6.76","30.5",8357,"29.25","Idle","67.48","Yes","80.29",13,7,4,9096,"E004","Error condition E004","23-06-2024","08-05-2024"
"LOG00000322","12-11-2024","15:38:11",2024,1,"MACH00023","Machine 23","MODEL-7413","Conveyor","Fanuc","FAC03","Factory 3","LINE023","Assembly Line 23","33.6","40.2","3.19","18.43",9066,"28.24","Maintenance","55.29","Yes","95.36",15,17,8,2377,"E005","Error condition E005","19-09-2024","13-05-2024"
"LOG00000323","02-07-2024","09:31:16",2024,7,"MACH00024","Machine 24","MODEL-3537","Robot Arm","KUKA","FAC04","Factory 4","LINE024","Assembly Line 24","65.4","37.3","0.97","44.93",1735,"16.47","Error","61.93","Yes","79.09",14,19,5,2090,"None","No errors","07-03-2024","06-08-2024"
"LOG00000324","20-03-2024","15:29:47",2024,12,"MACH00025","Machine 25","MODEL-2596","Welder","Bosch","FAC05","Factory 5","LINE025","Assembly Line 25","23.1","76.3","4.37","3.99",7422,"30.91","Stopped","66.77","Yes","77.32",17,13,24,8356,"E001","Error condition E001","26-01-2024","28-05-2024"
"LOG00000325","20-03-2024","00:06:43",2024,12,"MACH00026","Machine 26","MODEL-4389","Drill","Mitsubishi","FAC06","Factory 6","LINE026","Assembly Line 26","38.8","53","5.35","48.02",8774,"14.98","Running","64.52","Yes","71.31",22,15,24,2429,"E002","Error condition E002","18-10-2024","25-01-2024"
"LOG00000326","12-10-2024","05:24:37",2024,3,"MACH00027","Machine 27","MODEL-3973","Lathe","Yaskawa","FAC07","Factory 7","LINE027","Assembly Line 27","22.1","54.6","8.81","31.41",4927,"45.72","Idle","83.03","No","63.08",4,4,16,1240,"E003","Error condition E003","19-10-2024","15-06-2024"
"LOG00000327","17-10-2024","17:01:06",2024,8,"MACH00028","Machine 28","MODEL-1033","Compressor","Omron","FAC08","Factory 8","LINE028","Assembly Line 28","44.8","70.4","3.53","45.68",9772,"23.21","Maintenance","76.64","No","68.62",19,12,9,5838,"E004","Error condition E004","08-03-2024","27-09-2024"
"LOG00000328","27-10-2024","11:22:56",2024,12,"MACH00029","Machine 29","MODEL-7433","CNC Machine","Siemens","FAC01","Factory 1","LINE029","Assembly Line 29","61.7","35.2","4.04","4.85",7285,"41.93","Error","60.58","Yes","87.08",16,23,11,2008,"E005","Error condition E005","28-08-2024","02-06-2024"
"LOG00000329","22-03-2024","15:27:40",2024,12,"MACH00030","Machine 30","MODEL-3255","Hydraulic Press","ABB","FAC02","Factory 2","LINE030","Assembly Line 30","51","37.9","7.55","26.28",8089,"3.63","Stopped","76.07","No","82.45",6,3,6,8077,"None","No errors","19-06-2024","27-04-2024"
"LOG00000330","20-03-2024","04:05:06",2024,4,"MACH00031","Machine 31","MODEL-7132","Conveyor","Fanuc","FAC03","Factory 3","LINE001","Assembly Line 1","28.6","64","8.99","46.86",2020,"0.66","Running","75.54","No","84.81",5,1,14,1152,"E001","Error condition E001","11-05-2024","11-12-2024"
"LOG00000331","14-12-2024","22:37:26",2024,3,"MACH00032","Machine 32","MODEL-1760","Robot Arm","KUKA","FAC04","Factory 4","LINE002","Assembly Line 2","33.2","46","9.14","38.62",2157,"22.13","Idle","88.63","No","98.27",7,7,12,5874,"E002","Error condition E002","06-04-2024","03-03-2024"
"LOG00000332","04-06-2024","01:07:34",2024,3,"MACH00033","Machine 33","MODEL-4759","Welder","Bosch","FAC05","Factory 5","LINE003","Assembly Line 3","57.6","79.2","9.63","39.14",473,"46.94","Maintenance","54.7","Yes","91.02",19,12,14,1040,"E003","Error condition E003","01-06-2024","25-04-2024"
"LOG00000333","10-12-2024","07:49:23",2024,10,"MACH00034","Machine 34","MODEL-2165","Drill","Mitsubishi","FAC06","Factory 6","LINE004","Assembly Line 4","75","48.2","6.96","31.56",7634,"49.21","Error","67.78","Yes","68.33",15,18,7,2566,"E004","Error condition E004","19-07-2024","12-01-2024"
"LOG00000334","18-10-2024","18:46:02",2024,8,"MACH00035","Machine 35","MODEL-2305","Lathe","Yaskawa","FAC07","Factory 7","LINE005","Assembly Line 5","68.4","33","0.64","28.54",7633,"45.17","Stopped","91.38","No","61.91",10,20,13,3042,"E005","Error condition E005","11-09-2024","13-08-2024"
"LOG00000335","28-12-2024","11:11:49",2024,2,"MACH00036","Machine 36","MODEL-4584","Compressor","Omron","FAC08","Factory 8","LINE006","Assembly Line 6","22.7","51.5","8.87","6.96",8340,"44.56","Running","56.18","Yes","73.35",17,3,3,6170,"None","No errors","15-06-2024","22-01-2024"
"LOG00000336","09-08-2024","04:44:51",2024,12,"MACH00037","Machine 37","MODEL-5188","CNC Machine","Siemens","FAC01","Factory 1","LINE007","Assembly Line 7","58.3","72.5","3.78","28.7",4212,"42.62","Idle","66.19","Yes","65.25",15,16,18,3914,"E001","Error condition E001","16-06-2024","27-01-2024"
"LOG00000337","25-07-2024","08:03:38",2024,1,"MACH00038","Machine 38","MODEL-2064","Hydraulic Press","ABB","FAC02","Factory 2","LINE008","Assembly Line 8","26.8","73.7","3.58","13.11",2098,"18.79","Maintenance","56.92","Yes","81.36",19,22,9,542,"E002","Error condition E002","27-06-2024","20-01-2024"
"LOG00000338","17-10-2024","06:17:09",2024,6,"MACH00039","Machine 39","MODEL-2801","Conveyor","Fanuc","FAC03","Factory 3","LINE009","Assembly Line 9","37.7","37.3","9.57","9.64",6802,"8.87","Error","87.39","No","96.71",22,8,11,1013,"E003","Error condition E003","06-07-2024","11-09-2024"
"LOG00000339","04-03-2024","08:35:31",2024,6,"MACH00040","Machine 40","MODEL-1319","Robot Arm","KUKA","FAC04","Factory 4","LINE010","Assembly Line 10","49.3","32.8","0.99","32.05",417,"18.04","Stopped","91.49","No","94.06",24,7,16,7037,"E004","Error condition E004","25-07-2024","19-11-2024"
"LOG00000340","20-02-2024","05:03:36",2024,8,"MACH00041","Machine 41","MODEL-7580","Welder","Bosch","FAC05","Factory 5","LINE011","Assembly Line 11","28.6","72.3","6.18","0.05",2170,"9.73","Running","78.34","No","93.04",15,22,1,7508,"E005","Error condition E005","06-05-2024","11-02-2024"
"LOG00000341","10-07-2024","09:40:46",2024,3,"MACH00042","Machine 42","MODEL-1859","Drill","Mitsubishi","FAC06","Factory 6","LINE012","Assembly Line 12","51.2","49","0.88","15.92",4532,"9.11","Idle","68.7","Yes","81.94",14,20,2,8650,"None","No errors","04-02-2024","15-07-2024"
"LOG00000342","10-08-2024","16:10:16",2024,11,"MACH00043","Machine 43","MODEL-1151","Lathe","Yaskawa","FAC07","Factory 7","LINE013","Assembly Line 13","23.6","39.6","7.55","14.87",5809,"7.94","Maintenance","86.09","No","82",15,3,19,5568,"E001","Error condition E001","28-06-2024","05-12-2024"
"LOG00000343","24-06-2024","11:46:40",2024,8,"MACH00044","Machine 44","MODEL-8787","Compressor","Omron","FAC08","Factory 8","LINE014","Assembly Line 14","35.7","75.7","1.17","25.38",6214,"32.88","Error","87.07","No","65.12",18,9,5,2562,"E002","Error condition E002","02-03-2024","05-10-2024"
"LOG00000344","28-04-2024","05:07:32",2024,7,"MACH00045","Machine 45","MODEL-8041","CNC Machine","Siemens","FAC01","Factory 1","LINE015","Assembly Line 15","76.7","60.3","4.26","41.73",5866,"16.63","Stopped","50.81","Yes","65.61",15,8,13,4713,"E003","Error condition E003","16-08-2024","03-06-2024"
"LOG00000345","10-08-2024","14:27:01",2024,3,"MACH00046","Machine 46","MODEL-2523","Hydraulic Press","ABB","FAC02","Factory 2","LINE016","Assembly Line 16","73.9","34.9","6.09","46.48",1667,"40.21","Running","98.76","No","72.62",11,5,9,8677,"E004","Error condition E004","01-12-2024","14-07-2024"
"LOG00000346","10-07-2024","07:14:23",2024,6,"MACH00047","Machine 47","MODEL-7179","Conveyor","Fanuc","FAC03","Factory 3","LINE017","Assembly Line 17","38.6","73.7","2.41","9.1",8162,"22.45","Idle","73.18","No","64.81",17,22,12,3236,"E005","Error condition E005","20-07-2024","28-09-2024"
"LOG00000347","03-03-2024","18:44:03",2024,7,"MACH00048","Machine 48","MODEL-3318","Robot Arm","KUKA","FAC04","Factory 4","LINE018","Assembly Line 18","59.3","53.8","6.4","12.17",1145,"6.1","Maintenance","82.35","No","79.32",12,12,5,6923,"None","No errors","12-08-2024","22-11-2024"
"LOG00000348","01-06-2024","14:53:55",2024,2,"MACH00049","Machine 49","MODEL-5164","Welder","Bosch","FAC05","Factory 5","LINE019","Assembly Line 19","79","36","8.78","7.53",7570,"30.45","Error","66.99","Yes","76.49",20,9,3,6244,"E001","Error condition E001","06-07-2024","21-11-2024"
"LOG00000349","16-05-2024","04:58:01",2024,8,"MACH00050","Machine 50","MODEL-3526","Drill","Mitsubishi","FAC06","Factory 6","LINE020","Assembly Line 20","76.6","49.3","0.81","5.2",7596,"9.84","Stopped","77.5","No","96.39",16,16,1,372,"E002","Error condition E002","12-12-2024","25-06-2024"
"LOG00000350","19-12-2024","15:20:03",2024,10,"MACH00051","Machine 51","MODEL-5321","Lathe","Yaskawa","FAC07","Factory 7","LINE021","Assembly Line 21","29.8","40","9.3","1.86",7121,"2.46","Running","65.9","Yes","98.41",15,0,19,8675,"E003","Error condition E003","20-04-2024","05-11-2024"
"LOG00000351","10-05-2024","18:10:32",2024,8,"MACH00052","Machine 52","MODEL-6323","Compressor","Omron","FAC08","Factory 8","LINE022","Assembly Line 22","40.5","67","3.66","29.96",4300,"33.41","Idle","91.77","No","68.22",0,19,17,4967,"E004","Error condition E004","02-07-2024","25-11-2024"
"LOG00000352","26-12-2024","08:46:19",2024,1,"MACH00053","Machine 53","MODEL-5030","CNC Machine","Siemens","FAC01","Factory 1","LINE023","Assembly Line 23","36.8","40.5","4.43","22.63",5317,"6.45","Maintenance","80.78","No","85.64",24,18,17,587,"E005","Error condition E005","19-06-2024","12-05-2024"
"LOG00000353","23-11-2024","03:55:30",2024,3,"MACH00054","Machine 54","MODEL-2487","Hydraulic Press","ABB","FAC02","Factory 2","LINE024","Assembly Line 24","55.9","58.7","6.36","9.45",3446,"15.91","Error","76.05","No","93.49",13,19,6,2883,"None","No errors","24-07-2024","09-04-2024"
"LOG00000354","23-09-2024","10:36:18",2024,5,"MACH00055","Machine 55","MODEL-7421","Conveyor","Fanuc","FAC03","Factory 3","LINE025","Assembly Line 25","52.3","31.1","5.02","36.68",399,"10.68","Stopped","53.26","Yes","93.87",24,23,17,2301,"E001","Error condition E001","01-09-2024","26-11-2024"
"LOG00000355","11-05-2024","19:40:39",2024,4,"MACH00056","Machine 56","MODEL-4070","Robot Arm","KUKA","FAC04","Factory 4","LINE026","Assembly Line 26","68.9","55.7","8.64","12.13",9386,"3.99","Running","94.63","No","95.85",5,19,14,4156,"E002","Error condition E002","10-01-2024","14-07-2024"
"LOG00000356","16-03-2024","11:54:24",2024,10,"MACH00057","Machine 57","MODEL-8102","Welder","Bosch","FAC05","Factory 5","LINE027","Assembly Line 27","42.1","62.6","8.62","42.33",8223,"11.08","Idle","96.2","No","60.44",8,8,23,6061,"E003","Error condition E003","07-06-2024","02-11-2024"
"LOG00000357","19-01-2024","18:02:53",2024,1,"MACH00058","Machine 58","MODEL-4800","Drill","Mitsubishi","FAC06","Factory 6","LINE028","Assembly Line 28","73.8","30","0.89","38.08",8110,"44.17","Maintenance","54.55","Yes","77.6",1,0,0,9135,"E004","Error condition E004","06-05-2024","12-01-2024"
"LOG00000358","15-07-2024","09:19:42",2024,10,"MACH00059","Machine 59","MODEL-8417","Lathe","Yaskawa","FAC07","Factory 7","LINE029","Assembly Line 29","55.7","57.8","6.13","2.75",3029,"20.3","Error","98.03","No","85.77",22,16,15,2724,"E005","Error condition E005","16-02-2024","05-04-2024"
"LOG00000359","15-01-2024","12:35:33",2024,4,"MACH00060","Machine 60","MODEL-8641","Compressor","Omron","FAC08","Factory 8","LINE030","Assembly Line 30","65.8","70.2","0.9","19.75",3221,"47.87","Stopped","97.82","No","94.37",17,24,20,2733,"None","No errors","19-01-2024","06-06-2024"
"LOG00000360","01-08-2024","15:12:29",2024,7,"MACH00061","Machine 61","MODEL-3566","CNC Machine","Siemens","FAC01","Factory 1","LINE001","Assembly Line 1","43.4","72.8","8.8","18.09",5908,"24.34","Running","78.54","No","92.38",23,6,11,7790,"E001","Error condition E001","21-02-2024","23-01-2024"
"LOG00000361","19-03-2024","15:27:55",2024,2,"MACH00062","Machine 62","MODEL-7983","Hydraulic Press","ABB","FAC02","Factory 2","LINE002","Assembly Line 2","67.1","31.9","5.91","12.65",8957,"2.8","Idle","56.63","Yes","71.15",10,4,3,9952,"E002","Error condition E002","24-04-2024","01-08-2024"
"LOG00000362","06-01-2024","22:20:47",2024,6,"MACH00063","Machine 63","MODEL-7174","Conveyor","Fanuc","FAC03","Factory 3","LINE003","Assembly Line 3","36.4","58.2","2.25","26.89",4817,"48.32","Maintenance","90.59","No","81.7",11,5,18,3219,"E003","Error condition E003","02-09-2024","01-03-2024"
"LOG00000363","16-01-2024","20:44:27",2024,10,"MACH00064","Machine 64","MODEL-8519","Robot Arm","KUKA","FAC04","Factory 4","LINE004","Assembly Line 4","30.3","59.6","7.31","14.05",2482,"10.94","Error","60.66","Yes","91.46",16,6,9,7442,"E004","Error condition E004","13-01-2024","17-10-2024"
"LOG00000364","23-06-2024","00:15:43",2024,2,"MACH00065","Machine 65","MODEL-3518","Welder","Bosch","FAC05","Factory 5","LINE005","Assembly Line 5","52.3","45.4","4.31","41.95",6905,"4.33","Stopped","60.96","Yes","93.91",7,20,3,679,"E005","Error condition E005","24-01-2024","12-07-2024"
"LOG00000365","16-10-2024","15:32:48",2024,8,"MACH00066","Machine 66","MODEL-8820","Drill","Mitsubishi","FAC06","Factory 6","LINE006","Assembly Line 6","73.6","51.8","8.93","42.69",1725,"24.75","Running","86.21","No","82.18",12,16,21,1369,"None","No errors","08-02-2024","01-11-2024"
"LOG00000366","21-12-2024","15:13:05",2024,9,"MACH00067","Machine 67","MODEL-9226","Lathe","Yaskawa","FAC07","Factory 7","LINE007","Assembly Line 7","31","69.4","6.36","2.22",4958,"45.7","Idle","68.42","Yes","65.93",14,4,19,5581,"E001","Error condition E001","11-06-2024","02-04-2024"
"LOG00000367","28-01-2024","15:39:00",2024,10,"MACH00068","Machine 68","MODEL-6123","Compressor","Omron","FAC08","Factory 8","LINE008","Assembly Line 8","24.4","42.4","6.22","21.3",212,"9.12","Maintenance","80.69","No","79.12",22,11,13,9597,"E002","Error condition E002","08-09-2024","23-04-2024"
"LOG00000368","16-11-2024","01:55:58",2024,5,"MACH00069","Machine 69","MODEL-7236","CNC Machine","Siemens","FAC01","Factory 1","LINE009","Assembly Line 9","23.9","73.7","5.74","21.32",5857,"47.26","Error","52.99","Yes","71.71",3,18,3,4905,"E003","Error condition E003","17-05-2024","27-02-2024"
"LOG00000369","15-12-2024","16:48:03",2024,6,"MACH00070","Machine 70","MODEL-5660","Hydraulic Press","ABB","FAC02","Factory 2","LINE010","Assembly Line 10","51.4","59.6","8.98","34.1",3221,"7.89","Stopped","94.24","No","78.87",1,3,12,8559,"E004","Error condition E004","14-12-2024","22-10-2024"
"LOG00000370","06-07-2024","05:22:51",2024,8,"MACH00071","Machine 71","MODEL-9994","Conveyor","Fanuc","FAC03","Factory 3","LINE011","Assembly Line 11","25.8","39.4","5.72","24.89",642,"3.47","Running","68.86","Yes","96.53",2,18,13,6303,"E005","Error condition E005","12-01-2024","02-08-2024"
"LOG00000371","08-12-2024","09:20:55",2024,7,"MACH00072","Machine 72","MODEL-1007","Robot Arm","KUKA","FAC04","Factory 4","LINE012","Assembly Line 12","20.7","30.3","2","41.5",6696,"41.5","Idle","73.31","No","81.36",24,0,7,9423,"None","No errors","14-01-2024","08-10-2024"
"LOG00000372","07-10-2024","17:37:09",2024,1,"MACH00073","Machine 73","MODEL-9030","Welder","Bosch","FAC05","Factory 5","LINE013","Assembly Line 13","76.7","50.2","6.16","16.31",9250,"6.8","Maintenance","74","No","82.89",18,15,11,4713,"E001","Error condition E001","19-02-2024","01-06-2024"
"LOG00000373","26-04-2024","03:03:44",2024,3,"MACH00074","Machine 74","MODEL-9297","Drill","Mitsubishi","FAC06","Factory 6","LINE014","Assembly Line 14","40.4","53.8","7.98","5.98",5580,"35.57","Error","90.97","No","77.69",23,0,22,7195,"E002","Error condition E002","13-08-2024","12-07-2024"
"LOG00000374","25-09-2024","11:56:46",2024,6,"MACH00075","Machine 75","MODEL-9940","Lathe","Yaskawa","FAC07","Factory 7","LINE015","Assembly Line 15","36.8","34.6","7.53","3.06",8222,"48.65","Stopped","93.81","No","87.25",5,11,14,8167,"E003","Error condition E003","23-06-2024","15-01-2024"
"LOG00000375","07-02-2024","04:29:15",2024,8,"MACH00076","Machine 76","MODEL-5563","Compressor","Omron","FAC08","Factory 8","LINE016","Assembly Line 16","54.8","32.1","8.2","4.73",5072,"10.23","Running","53.67","Yes","75.71",17,10,22,5839,"E004","Error condition E004","10-10-2024","21-04-2024"
"LOG00000376","05-06-2024","19:32:31",2024,1,"MACH00077","Machine 77","MODEL-2349","CNC Machine","Siemens","FAC01","Factory 1","LINE017","Assembly Line 17","46.4","59.4","3.6","6.4",7460,"6.39","Idle","89.05","No","61.46",7,16,23,893,"E005","Error condition E005","15-05-2024","19-07-2024"
"LOG00000377","01-05-2024","04:50:34",2024,11,"MACH00078","Machine 78","MODEL-4688","Hydraulic Press","ABB","FAC02","Factory 2","LINE018","Assembly Line 18","46","46.9","1.67","16.45",172,"49.55","Maintenance","97.83","No","74.03",11,16,10,1130,"None","No errors","22-06-2024","26-01-2024"
"LOG00000378","16-01-2024","13:23:57",2024,6,"MACH00079","Machine 79","MODEL-2232","Conveyor","Fanuc","FAC03","Factory 3","LINE019","Assembly Line 19","65.6","38","4.75","18.15",5955,"0.38","Error","99.67","No","75.58",13,13,12,1063,"E001","Error condition E001","28-05-2024","05-07-2024"
"LOG00000379","20-11-2024","19:11:24",2024,5,"MACH00080","Machine 80","MODEL-1055","Robot Arm","KUKA","FAC04","Factory 4","LINE020","Assembly Line 20","68.4","53.9","5.27","5.76",1696,"33.82","Stopped","74.69","No","98.53",1,14,22,3651,"E002","Error condition E002","03-03-2024","03-12-2024"
"LOG00000380","02-08-2024","14:54:25",2024,8,"MACH00081","Machine 81","MODEL-2436","Welder","Bosch","FAC05","Factory 5","LINE021","Assembly Line 21","68","79","1.84","47.7",9643,"41.61","Running","52.33","Yes","80.18",20,15,19,3395,"E003","Error condition E003","13-08-2024","19-08-2024"
"LOG00000381","01-03-2024","01:24:50",2024,10,"MACH00082","Machine 82","MODEL-8273","Drill","Mitsubishi","FAC06","Factory 6","LINE022","Assembly Line 22","47.7","79.9","7.8","40.01",5821,"39.6","Idle","61.64","Yes","88.31",10,23,14,4353,"E004","Error condition E004","20-04-2024","21-05-2024"
"LOG00000382","24-10-2024","13:31:56",2024,5,"MACH00083","Machine 83","MODEL-7740","Lathe","Yaskawa","FAC07","Factory 7","LINE023","Assembly Line 23","73.2","34.2","9.51","35.99",654,"30.68","Maintenance","59.03","Yes","96.27",0,19,10,6734,"E005","Error condition E005","09-04-2024","26-06-2024"
"LOG00000383","04-05-2024","05:08:14",2024,8,"MACH00084","Machine 84","MODEL-3234","Compressor","Omron","FAC08","Factory 8","LINE024","Assembly Line 24","68.1","47.3","8.66","45.23",8444,"17.79","Error","51.59","Yes","87.47",8,19,2,3156,"None","No errors","13-11-2024","10-02-2024"
"LOG00000384","07-05-2024","02:53:51",2024,10,"MACH00085","Machine 85","MODEL-3852","CNC Machine","Siemens","FAC01","Factory 1","LINE025","Assembly Line 25","63.1","71.5","2.49","25.58",9536,"18.4","Stopped","52.2","Yes","84.61",12,15,19,8700,"E001","Error condition E001","06-07-2024","02-08-2024"
"LOG00000385","03-05-2024","06:27:53",2024,12,"MACH00086","Machine 86","MODEL-8965","Hydraulic Press","ABB","FAC02","Factory 2","LINE026","Assembly Line 26","35.6","32.6","7.73","0.74",3322,"34.51","Running","98.47","No","91.02",18,0,16,2866,"E002","Error condition E002","24-07-2024","04-09-2024"
"LOG00000386","12-01-2024","09:14:44",2024,11,"MACH00087","Machine 87","MODEL-5668","Conveyor","Fanuc","FAC03","Factory 3","LINE027","Assembly Line 27","52.2","66.9","3.59","40.64",2796,"0.36","Idle","77.75","No","69.72",20,23,12,8664,"E003","Error condition E003","22-03-2024","10-05-2024"
"LOG00000387","26-03-2024","12:27:55",2024,3,"MACH00088","Machine 88","MODEL-9868","Robot Arm","KUKA","FAC04","Factory 4","LINE028","Assembly Line 28","71.3","67.8","6.44","0.05",649,"32.74","Maintenance","76.29","No","77.33",3,6,1,5653,"E004","Error condition E004","11-05-2024","24-05-2024"
"LOG00000388","23-11-2024","16:19:15",2024,4,"MACH00089","Machine 89","MODEL-1275","Welder","Bosch","FAC05","Factory 5","LINE029","Assembly Line 29","57","62.8","7.07","11.56",4500,"14.13","Error","90.28","No","99.95",19,9,20,2099,"E005","Error condition E005","24-01-2024","07-04-2024"
"LOG00000389","16-02-2024","02:55:26",2024,7,"MACH00090","Machine 90","MODEL-9168","Drill","Mitsubishi","FAC06","Factory 6","LINE030","Assembly Line 30","38.4","42.7","4.52","32.33",3233,"15.19","Stopped","61.45","Yes","91.7",4,3,23,3798,"None","No errors","18-06-2024","07-02-2024"
"LOG00000390","06-03-2024","14:23:51",2024,11,"MACH00091","Machine 91","MODEL-2650","Lathe","Yaskawa","FAC07","Factory 7","LINE001","Assembly Line 1","24.9","33.9","8.76","2.31",9139,"9.45","Running","62","Yes","67.35",4,20,9,770,"E001","Error condition E001","24-03-2024","09-05-2024"
"LOG00000391","27-08-2024","16:38:13",2024,8,"MACH00092","Machine 92","MODEL-9108","Compressor","Omron","FAC08","Factory 8","LINE002","Assembly Line 2","79.6","52.9","8.02","20.31",7485,"43.02","Idle","86.14","No","96.55",2,13,21,8462,"E002","Error condition E002","09-03-2024","06-09-2024"
"LOG00000392","05-06-2024","23:53:54",2024,4,"MACH00093","Machine 93","MODEL-2970","CNC Machine","Siemens","FAC01","Factory 1","LINE003","Assembly Line 3","37.7","32.7","1.37","32.65",5583,"13.7","Maintenance","68.39","Yes","82.47",24,12,2,1019,"E003","Error condition E003","21-04-2024","17-01-2024"
"LOG00000393","19-09-2024","14:02:09",2024,7,"MACH00094","Machine 94","MODEL-8618","Hydraulic Press","ABB","FAC02","Factory 2","LINE004","Assembly Line 4","75.1","77.5","5.81","15.14",7225,"23.61","Error","69.07","Yes","83.59",8,17,9,6182,"E004","Error condition E004","18-08-2024","18-11-2024"
"LOG00000394","18-11-2024","18:53:31",2024,1,"MACH00095","Machine 95","MODEL-8004","Conveyor","Fanuc","FAC03","Factory 3","LINE005","Assembly Line 5","50.7","78.1","9.09","21.13",8033,"17.32","Stopped","61.68","Yes","63.9",20,10,22,7775,"E005","Error condition E005","22-09-2024","09-02-2024"
"LOG00000395","16-08-2024","09:00:30",2024,10,"MACH00096","Machine 96","MODEL-1786","Robot Arm","KUKA","FAC04","Factory 4","LINE006","Assembly Line 6","32.6","52.3","4.67","47.91",1823,"42.74","Running","58.49","Yes","70.6",3,12,6,7218,"None","No errors","22-11-2024","25-07-2024"
"LOG00000396","03-03-2024","17:29:35",2024,12,"MACH00097","Machine 97","MODEL-8084","Welder","Bosch","FAC05","Factory 5","LINE007","Assembly Line 7","70","51.9","8.52","23.26",6940,"23.84","Idle","99.09","No","77.91",23,15,15,8324,"E001","Error condition E001","04-09-2024","06-06-2024"
"LOG00000397","08-12-2024","14:15:10",2024,4,"MACH00098","Machine 98","MODEL-2309","Drill","Mitsubishi","FAC06","Factory 6","LINE008","Assembly Line 8","24.6","62","7.44","42.57",8174,"37.89","Maintenance","51.56","Yes","76.93",0,2,15,9575,"E002","Error condition E002","02-12-2024","01-04-2024"
"LOG00000398","26-12-2024","00:20:23",2024,7,"MACH00099","Machine 99","MODEL-9751","Lathe","Yaskawa","FAC07","Factory 7","LINE009","Assembly Line 9","33","65","3.48","23.82",3207,"8.87","Error","78.46","No","74.71",1,15,5,4690,"E003","Error condition E003","05-01-2024","23-03-2024"
"LOG00000399","27-03-2024","13:46:05",2024,3,"MACH00100","Machine 100","MODEL-3453","Compressor","Omron","FAC08","Factory 8","LINE010","Assembly Line 10","46","71.5","6.8","39.31",7283,"19.29","Stopped","85.14","No","78.95",22,14,4,2526,"E004","Error condition E004","01-10-2024","14-04-2024"
"LOG00000400","21-04-2024","12:41:26",2024,1,"MACH00001","Machine 1","MODEL-5182","CNC Machine","Siemens","FAC01","Factory 1","LINE011","Assembly Line 11","60.5","70.2","1.98","1.53",915,"34.23","Running","99.64","No","71.55",13,0,1,4340,"E005","Error condition E005","02-07-2024","08-08-2024"
"LOG00000401","19-06-2024","07:17:29",2024,1,"MACH00002","Machine 2","MODEL-7020","Hydraulic Press","ABB","FAC02","Factory 2","LINE012","Assembly Line 12","28.8","34.3","4.52","44.13",3354,"16.28","Idle","84.51","No","77.02",22,16,3,2256,"None","No errors","27-08-2024","28-09-2024"
"LOG00000402","09-09-2024","02:40:22",2024,6,"MACH00003","Machine 3","MODEL-7483","Conveyor","Fanuc","FAC03","Factory 3","LINE013","Assembly Line 13","71.5","32.6","1.33","25.4",7543,"7.06","Maintenance","91.28","No","88.23",23,22,3,5912,"E001","Error condition E001","24-08-2024","14-06-2024"
"LOG00000403","28-11-2024","16:48:01",2024,1,"MACH00004","Machine 4","MODEL-1062","Robot Arm","KUKA","FAC04","Factory 4","LINE014","Assembly Line 14","68.6","39.8","2.82","25.16",6558,"23.74","Error","71.45","No","69.81",20,11,8,7673,"E002","Error condition E002","06-02-2024","20-05-2024"
"LOG00000404","25-05-2024","10:35:40",2024,10,"MACH00005","Machine 5","MODEL-6813","Welder","Bosch","FAC05","Factory 5","LINE015","Assembly Line 15","37.2","76.8","2.49","28.89",2557,"9.46","Stopped","66.44","Yes","66.94",19,17,24,2250,"E003","Error condition E003","14-08-2024","10-07-2024"
"LOG00000405","28-05-2024","09:02:59",2024,12,"MACH00006","Machine 6","MODEL-1005","Drill","Mitsubishi","FAC06","Factory 6","LINE016","Assembly Line 16","55.3","73.9","9.11","25.53",8432,"21.12","Running","62.68","Yes","95.03",14,5,9,2207,"E004","Error condition E004","07-09-2024","14-08-2024"
"LOG00000406","02-03-2024","02:15:59",2024,11,"MACH00007","Machine 7","MODEL-3432","Lathe","Yaskawa","FAC07","Factory 7","LINE017","Assembly Line 17","78.1","47.2","2.99","43.81",8648,"9.07","Idle","91.32","No","87.13",1,13,15,3337,"E005","Error condition E005","16-12-2024","03-07-2024"
"LOG00000407","02-02-2024","14:59:16",2024,6,"MACH00008","Machine 8","MODEL-9403","Compressor","Omron","FAC08","Factory 8","LINE018","Assembly Line 18","23","67.7","5.01","29.04",2581,"31.7","Maintenance","76.81","No","94.74",21,1,5,4000,"None","No errors","18-11-2024","10-03-2024"
"LOG00000408","09-03-2024","11:55:44",2024,9,"MACH00009","Machine 9","MODEL-9686","CNC Machine","Siemens","FAC01","Factory 1","LINE019","Assembly Line 19","54.5","71","6.63","36.87",2001,"23.57","Error","60.74","Yes","87.58",1,8,9,8864,"E001","Error condition E001","19-06-2024","06-08-2024"
"LOG00000409","05-04-2024","08:45:01",2024,12,"MACH00010","Machine 10","MODEL-7522","Hydraulic Press","ABB","FAC02","Factory 2","LINE020","Assembly Line 20","25.8","77.7","2.52","1.08",3498,"30.07","Stopped","65.19","Yes","86.23",4,4,7,4417,"E002","Error condition E002","20-11-2024","03-02-2024"
"LOG00000410","08-05-2024","12:12:00",2024,7,"MACH00011","Machine 11","MODEL-3337","Conveyor","Fanuc","FAC03","Factory 3","LINE021","Assembly Line 21","22.6","44.8","3.55","24.75",3410,"34.66","Running","85.18","No","96.22",5,4,10,4691,"E003","Error condition E003","03-05-2024","27-07-2024"
"LOG00000411","03-10-2024","15:23:44",2024,6,"MACH00012","Machine 12","MODEL-7985","Robot Arm","KUKA","FAC04","Factory 4","LINE022","Assembly Line 22","69.5","43.6","9.62","6.82",6562,"14.2","Idle","98.69","No","85.2",7,9,20,2416,"E004","Error condition E004","12-07-2024","28-03-2024"
"LOG00000412","04-11-2024","20:50:00",2024,7,"MACH00013","Machine 13","MODEL-8702","Welder","Bosch","FAC05","Factory 5","LINE023","Assembly Line 23","65.7","63.5","9.06","17.57",7507,"5.09","Maintenance","96.37","No","83.53",13,2,10,6004,"E005","Error condition E005","14-07-2024","23-12-2024"
"LOG00000413","01-04-2024","23:00:30",2024,8,"MACH00014","Machine 14","MODEL-5592","Drill","Mitsubishi","FAC06","Factory 6","LINE024","Assembly Line 24","42.7","39.9","6.32","38.1",3166,"16.6","Error","53.95","Yes","75.62",6,24,7,6864,"None","No errors","12-09-2024","20-09-2024"
"LOG00000414","22-11-2024","10:11:26",2024,4,"MACH00015","Machine 15","MODEL-5399","Lathe","Yaskawa","FAC07","Factory 7","LINE025","Assembly Line 25","48.8","78.8","5.6","33.06",7391,"17.36","Stopped","86.43","No","92.94",15,8,19,1742,"E001","Error condition E001","06-06-2024","03-01-2024"
"LOG00000415","01-02-2024","22:35:36",2024,11,"MACH00016","Machine 16","MODEL-3193","Compressor","Omron","FAC08","Factory 8","LINE026","Assembly Line 26","50.1","74.9","8.01","5.53",7303,"21.1","Running","70.59","No","68.12",9,2,12,9663,"E002","Error condition E002","04-03-2024","21-09-2024"
"LOG00000416","09-02-2024","00:25:00",2024,3,"MACH00017","Machine 17","MODEL-6135","CNC Machine","Siemens","FAC01","Factory 1","LINE027","Assembly Line 27","37.1","66.8","4.01","17.14",8287,"16.72","Idle","80.74","No","87.19",1,8,23,3318,"E003","Error condition E003","05-07-2024","18-04-2024"
"LOG00000417","11-05-2024","09:37:46",2024,9,"MACH00018","Machine 18","MODEL-9140","Hydraulic Press","ABB","FAC02","Factory 2","LINE028","Assembly Line 28","27.7","37.3","9.96","49.2",7403,"33","Maintenance","99.87","No","66.79",13,22,6,4767,"E004","Error condition E004","06-06-2024","04-07-2024"
"LOG00000418","20-11-2024","05:52:41",2024,2,"MACH00019","Machine 19","MODEL-2855","Conveyor","Fanuc","FAC03","Factory 3","LINE029","Assembly Line 29","76.4","65.9","6.48","33.18",2900,"10.59","Error","76.38","No","93.68",11,9,18,1655,"E005","Error condition E005","10-10-2024","24-10-2024"
"LOG00000419","22-08-2024","05:55:06",2024,2,"MACH00020","Machine 20","MODEL-4682","Robot Arm","KUKA","FAC04","Factory 4","LINE030","Assembly Line 30","68","47.9","7.64","15.03",2881,"22.3","Stopped","98.18","No","84.5",21,8,7,4191,"None","No errors","09-10-2024","20-08-2024"
"LOG00000420","07-05-2024","12:18:02",2024,1,"MACH00021","Machine 21","MODEL-6886","Welder","Bosch","FAC05","Factory 5","LINE001","Assembly Line 1","25.9","64.8","7.67","21.13",193,"14.18","Running","86.14","No","70.17",19,20,5,7413,"E001","Error condition E001","26-08-2024","13-05-2024"
"LOG00000421","18-05-2024","01:36:04",2024,5,"MACH00022","Machine 22","MODEL-7442","Drill","Mitsubishi","FAC06","Factory 6","LINE002","Assembly Line 2","58.6","66.2","3.95","40.14",716,"29.89","Idle","98.02","No","83.48",10,22,9,7643,"E002","Error condition E002","01-03-2024","05-09-2024"
"LOG00000422","03-02-2024","05:15:17",2024,3,"MACH00023","Machine 23","MODEL-3945","Lathe","Yaskawa","FAC07","Factory 7","LINE003","Assembly Line 3","32.4","74.5","0.59","32.07",4867,"15.48","Maintenance","92.37","No","66.38",0,24,0,5517,"E003","Error condition E003","14-06-2024","04-02-2024"
"LOG00000423","01-11-2024","10:06:46",2024,1,"MACH00024","Machine 24","MODEL-5773","Compressor","Omron","FAC08","Factory 8","LINE004","Assembly Line 4","49.3","31","3.07","46.05",7849,"13.79","Error","55","Yes","90.53",11,14,2,8224,"E004","Error condition E004","11-05-2024","14-08-2024"
"LOG00000424","09-03-2024","06:03:07",2024,10,"MACH00025","Machine 25","MODEL-4429","CNC Machine","Siemens","FAC01","Factory 1","LINE005","Assembly Line 5","58.9","70.7","6.53","8.23",2488,"20.7","Stopped","80.61","No","87.61",18,13,0,2053,"E005","Error condition E005","25-04-2024","10-12-2024"
"LOG00000425","10-04-2024","13:10:50",2024,8,"MACH00026","Machine 26","MODEL-1825","Hydraulic Press","ABB","FAC02","Factory 2","LINE006","Assembly Line 6","71.1","77.4","6.36","5.09",5745,"47.04","Running","53.2","Yes","61.01",8,16,6,4095,"None","No errors","08-12-2024","11-08-2024"
"LOG00000426","04-04-2024","17:54:22",2024,5,"MACH00027","Machine 27","MODEL-8775","Conveyor","Fanuc","FAC03","Factory 3","LINE007","Assembly Line 7","74.3","42.6","4.86","23.64",3644,"37.97","Idle","62.35","Yes","69.34",2,7,7,1142,"E001","Error condition E001","25-01-2024","25-12-2024"
"LOG00000427","14-08-2024","22:32:47",2024,2,"MACH00028","Machine 28","MODEL-8407","Robot Arm","KUKA","FAC04","Factory 4","LINE008","Assembly Line 8","79.6","62.3","2.08","4.1",932,"44.97","Maintenance","52.66","Yes","72.96",12,11,10,9578,"E002","Error condition E002","15-11-2024","12-10-2024"
"LOG00000428","04-03-2024","19:25:18",2024,6,"MACH00029","Machine 29","MODEL-4931","Welder","Bosch","FAC05","Factory 5","LINE009","Assembly Line 9","31.9","69.5","3.54","20.33",695,"39.98","Error","91.88","No","88.39",14,7,23,1879,"E003","Error condition E003","06-12-2024","26-07-2024"
"LOG00000429","24-12-2024","18:48:43",2024,3,"MACH00030","Machine 30","MODEL-3344","Drill","Mitsubishi","FAC06","Factory 6","LINE010","Assembly Line 10","42.6","67.7","2.76","33.82",1267,"49.29","Stopped","79.72","No","66",19,22,19,9509,"E004","Error condition E004","15-05-2024","14-10-2024"
"LOG00000430","21-09-2024","11:13:20",2024,3,"MACH00031","Machine 31","MODEL-3480","Lathe","Yaskawa","FAC07","Factory 7","LINE011","Assembly Line 11","78.2","75.5","8.08","30.21",3431,"49.87","Running","54.89","Yes","99.27",21,8,9,4637,"E005","Error condition E005","01-07-2024","26-08-2024"
"LOG00000431","19-10-2024","11:06:34",2024,11,"MACH00032","Machine 32","MODEL-8482","Compressor","Omron","FAC08","Factory 8","LINE012","Assembly Line 12","31.1","59.5","7.35","32.88",2086,"29.47","Idle","82.69","No","62.48",22,19,2,8693,"None","No errors","01-06-2024","16-07-2024"
"LOG00000432","07-08-2024","10:52:08",2024,4,"MACH00033","Machine 33","MODEL-9331","CNC Machine","Siemens","FAC01","Factory 1","LINE013","Assembly Line 13","50.6","70.8","4.95","33.22",8443,"0.56","Maintenance","90.18","No","91.32",20,14,4,5751,"E001","Error condition E001","15-07-2024","17-12-2024"
"LOG00000433","27-03-2024","17:12:32",2024,9,"MACH00034","Machine 34","MODEL-8323","Hydraulic Press","ABB","FAC02","Factory 2","LINE014","Assembly Line 14","33","46.4","2.61","9.57",3350,"21.13","Error","78.79","No","90.87",7,15,22,7354,"E002","Error condition E002","25-02-2024","27-07-2024"
"LOG00000434","10-11-2024","17:33:02",2024,10,"MACH00035","Machine 35","MODEL-4776","Conveyor","Fanuc","FAC03","Factory 3","LINE015","Assembly Line 15","31.2","33.2","0.51","7.1",5585,"5.96","Stopped","93.71","No","96.59",3,20,3,8032,"E003","Error condition E003","18-02-2024","05-12-2024"
"LOG00000435","15-03-2024","07:50:24",2024,5,"MACH00036","Machine 36","MODEL-4624","Robot Arm","KUKA","FAC04","Factory 4","LINE016","Assembly Line 16","64.8","67.1","4.89","25.19",9758,"21.81","Running","98.28","No","69.63",24,22,0,999,"E004","Error condition E004","28-04-2024","23-08-2024"
"LOG00000436","18-01-2024","02:48:19",2024,5,"MACH00037","Machine 37","MODEL-2134","Welder","Bosch","FAC05","Factory 5","LINE017","Assembly Line 17","51.4","63.7","4.7","20.73",5325,"27.68","Idle","68.09","Yes","75.7",0,0,10,8264,"E005","Error condition E005","18-03-2024","26-08-2024"
"LOG00000437","04-07-2024","12:51:40",2024,3,"MACH00038","Machine 38","MODEL-7715","Drill","Mitsubishi","FAC06","Factory 6","LINE018","Assembly Line 18","38.6","76.5","5.29","7.62",8164,"36.5","Maintenance","60.35","Yes","76.27",15,14,9,7298,"None","No errors","09-10-2024","24-05-2024"
"LOG00000438","02-01-2024","00:59:51",2024,8,"MACH00039","Machine 39","MODEL-1222","Lathe","Yaskawa","FAC07","Factory 7","LINE019","Assembly Line 19","57.5","44.7","7.96","20.61",887,"1.26","Error","88.33","No","77.23",14,2,17,4562,"E001","Error condition E001","05-03-2024","21-11-2024"
"LOG00000439","19-05-2024","04:27:38",2024,1,"MACH00040","Machine 40","MODEL-5325","Compressor","Omron","FAC08","Factory 8","LINE020","Assembly Line 20","33.5","30.1","4.05","31.97",8445,"12.23","Stopped","63.6","Yes","98.04",13,7,10,615,"E002","Error condition E002","01-03-2024","14-09-2024"
"LOG00000440","23-08-2024","11:33:57",2024,12,"MACH00041","Machine 41","MODEL-4412","CNC Machine","Siemens","FAC01","Factory 1","LINE021","Assembly Line 21","26.5","74.4","4.81","10.63",3790,"32.36","Running","69.19","Yes","64.77",14,11,8,7946,"E003","Error condition E003","27-12-2024","17-01-2024"
"LOG00000441","15-10-2024","19:44:40",2024,5,"MACH00042","Machine 42","MODEL-3627","Hydraulic Press","ABB","FAC02","Factory 2","LINE022","Assembly Line 22","69","36.6","3.85","41.31",879,"30.59","Idle","51.84","Yes","96.79",22,8,12,962,"E004","Error condition E004","19-05-2024","06-06-2024"
"LOG00000442","11-08-2024","14:55:04",2024,11,"MACH00043","Machine 43","MODEL-3786","Conveyor","Fanuc","FAC03","Factory 3","LINE023","Assembly Line 23","20","79","4.87","18.22",2095,"37.51","Maintenance","79.21","No","82",19,0,11,6025,"E005","Error condition E005","03-12-2024","10-03-2024"
"LOG00000443","15-01-2024","03:22:57",2024,9,"MACH00044","Machine 44","MODEL-7848","Robot Arm","KUKA","FAC04","Factory 4","LINE024","Assembly Line 24","51.7","66.2","8.44","29.23",7593,"21.39","Error","64.49","Yes","61.49",21,1,14,7412,"None","No errors","17-04-2024","19-11-2024"
"LOG00000444","25-11-2024","10:39:57",2024,9,"MACH00045","Machine 45","MODEL-1944","Welder","Bosch","FAC05","Factory 5","LINE025","Assembly Line 25","33.1","66.7","7.12","41.01",4986,"17.57","Stopped","61.17","Yes","97.89",13,21,9,6584,"E001","Error condition E001","24-08-2024","27-07-2024"
"LOG00000445","19-06-2024","04:25:04",2024,10,"MACH00046","Machine 46","MODEL-8228","Drill","Mitsubishi","FAC06","Factory 6","LINE026","Assembly Line 26","37","52","6.32","10.13",5031,"34.8","Running","90.46","No","84.02",1,9,23,8378,"E002","Error condition E002","12-05-2024","06-09-2024"
"LOG00000446","07-03-2024","08:13:50",2024,10,"MACH00047","Machine 47","MODEL-5221","Lathe","Yaskawa","FAC07","Factory 7","LINE027","Assembly Line 27","45.7","48.6","5.74","47.4",6060,"27.97","Idle","58.15","Yes","79.72",4,16,9,7806,"E003","Error condition E003","02-09-2024","26-03-2024"
"LOG00000447","02-03-2024","06:01:53",2024,5,"MACH00048","Machine 48","MODEL-5359","Compressor","Omron","FAC08","Factory 8","LINE028","Assembly Line 28","62.5","68.4","6.52","41.83",7319,"23.8","Maintenance","97.52","No","98.84",17,8,2,6139,"E004","Error condition E004","25-08-2024","13-08-2024"
"LOG00000448","19-01-2024","10:53:28",2024,10,"MACH00049","Machine 49","MODEL-2919","CNC Machine","Siemens","FAC01","Factory 1","LINE029","Assembly Line 29","57.6","52.5","4.34","21.98",4345,"36.45","Error","60.13","Yes","61.17",6,12,11,2998,"E005","Error condition E005","19-04-2024","21-11-2024"
"LOG00000449","18-12-2024","04:10:40",2024,9,"MACH00050","Machine 50","MODEL-7902","Hydraulic Press","ABB","FAC02","Factory 2","LINE030","Assembly Line 30","59.7","71.5","2.4","30.51",8519,"44.39","Stopped","92.51","No","70.01",20,12,4,7419,"None","No errors","06-12-2024","28-10-2024"
"LOG00000450","21-10-2024","19:26:08",2024,8,"MACH00051","Machine 51","MODEL-2192","Conveyor","Fanuc","FAC03","Factory 3","LINE001","Assembly Line 1","29.2","45.1","8.86","47.48",144,"17.26","Running","90.21","No","65.37",3,7,21,8069,"E001","Error condition E001","23-08-2024","10-03-2024"
"LOG00000451","09-08-2024","13:38:27",2024,10,"MACH00052","Machine 52","MODEL-7132","Robot Arm","KUKA","FAC04","Factory 4","LINE002","Assembly Line 2","24.3","42.9","1.62","20.94",3017,"42.05","Idle","64.68","Yes","84.08",1,19,11,7128,"E002","Error condition E002","02-01-2024","23-03-2024"
"LOG00000452","13-09-2024","15:41:35",2024,11,"MACH00053","Machine 53","MODEL-9309","Welder","Bosch","FAC05","Factory 5","LINE003","Assembly Line 3","69.9","61.2","7.07","41.87",3639,"5.01","Maintenance","60.58","Yes","65.33",22,11,24,2273,"E003","Error condition E003","26-01-2024","22-07-2024"
"LOG00000453","24-04-2024","07:12:57",2024,12,"MACH00054","Machine 54","MODEL-6653","Drill","Mitsubishi","FAC06","Factory 6","LINE004","Assembly Line 4","39.3","36.4","8.71","31.9",2724,"9.31","Error","66.53","Yes","99.74",17,0,18,5628,"E004","Error condition E004","09-11-2024","24-01-2024"
"LOG00000454","05-10-2024","09:11:47",2024,12,"MACH00055","Machine 55","MODEL-7204","Lathe","Yaskawa","FAC07","Factory 7","LINE005","Assembly Line 5","42","77.5","3.27","26.15",9813,"13.86","Stopped","85.63","No","62.95",5,18,13,4797,"E005","Error condition E005","10-04-2024","04-05-2024"
"LOG00000455","21-03-2024","03:57:48",2024,12,"MACH00056","Machine 56","MODEL-9277","Compressor","Omron","FAC08","Factory 8","LINE006","Assembly Line 6","23","62.7","5.89","14.92",8597,"46.2","Running","83.18","No","77.43",17,16,0,7143,"None","No errors","04-04-2024","12-04-2024"
"LOG00000456","28-03-2024","15:12:34",2024,12,"MACH00057","Machine 57","MODEL-6700","CNC Machine","Siemens","FAC01","Factory 1","LINE007","Assembly Line 7","54.5","70.6","9.84","32.04",8788,"25.46","Idle","62.22","Yes","62.81",16,17,22,4354,"E001","Error condition E001","27-03-2024","19-06-2024"
"LOG00000457","25-11-2024","00:50:59",2024,7,"MACH00058","Machine 58","MODEL-7769","Hydraulic Press","ABB","FAC02","Factory 2","LINE008","Assembly Line 8","51.4","37.5","0.95","39.09",7773,"38.81","Maintenance","67.25","Yes","76.8",4,4,1,601,"E002","Error condition E002","19-03-2024","16-09-2024"
"LOG00000458","22-11-2024","01:59:16",2024,10,"MACH00059","Machine 59","MODEL-2550","Conveyor","Fanuc","FAC03","Factory 3","LINE009","Assembly Line 9","21.2","79.4","3.92","26.99",3285,"21.31","Error","58.14","Yes","86.02",9,7,20,5587,"E003","Error condition E003","10-09-2024","28-12-2024"
"LOG00000459","13-12-2024","07:09:01",2024,3,"MACH00060","Machine 60","MODEL-2142","Robot Arm","KUKA","FAC04","Factory 4","LINE010","Assembly Line 10","68.5","73.3","9.57","15.65",9676,"30.49","Stopped","90.07","No","83.4",17,20,6,4951,"E004","Error condition E004","20-03-2024","02-07-2024"
"LOG00000460","25-12-2024","09:06:10",2024,7,"MACH00061","Machine 61","MODEL-2017","Welder","Bosch","FAC05","Factory 5","LINE011","Assembly Line 11","79.8","47.8","5.64","13.52",4041,"37.55","Running","93.24","No","86.95",11,11,20,2151,"E005","Error condition E005","10-10-2024","02-02-2024"
"LOG00000461","02-06-2024","12:07:26",2024,6,"MACH00062","Machine 62","MODEL-1278","Drill","Mitsubishi","FAC06","Factory 6","LINE012","Assembly Line 12","38.2","78.1","9.59","48.23",7456,"2.08","Idle","94.47","No","79.45",13,2,2,9712,"None","No errors","27-07-2024","13-06-2024"
"LOG00000462","13-04-2024","18:22:12",2024,7,"MACH00063","Machine 63","MODEL-9912","Lathe","Yaskawa","FAC07","Factory 7","LINE013","Assembly Line 13","69.9","34.3","2.17","30.48",8616,"5.25","Maintenance","72.6","No","96.2",12,0,19,5015,"E001","Error condition E001","07-11-2024","04-06-2024"
"LOG00000463","26-04-2024","13:10:58",2024,1,"MACH00064","Machine 64","MODEL-5254","Compressor","Omron","FAC08","Factory 8","LINE014","Assembly Line 14","70.5","49.4","0.94","43.99",5986,"49.14","Error","85.86","No","97.81",10,1,2,2249,"E002","Error condition E002","06-11-2024","26-10-2024"
"LOG00000464","04-09-2024","18:15:32",2024,1,"MACH00065","Machine 65","MODEL-7140","CNC Machine","Siemens","FAC01","Factory 1","LINE015","Assembly Line 15","38.7","35.8","1.83","6.98",5376,"48.92","Stopped","98.47","No","72.85",15,9,17,989,"E003","Error condition E003","04-06-2024","11-03-2024"
"LOG00000465","27-10-2024","15:21:33",2024,11,"MACH00066","Machine 66","MODEL-9320","Hydraulic Press","ABB","FAC02","Factory 2","LINE016","Assembly Line 16","78.8","65.1","7.72","10.94",8700,"28.93","Running","76.83","No","60.26",13,6,6,6575,"E004","Error condition E004","09-03-2024","18-03-2024"
"LOG00000466","10-09-2024","20:12:21",2024,1,"MACH00067","Machine 67","MODEL-2818","Conveyor","Fanuc","FAC03","Factory 3","LINE017","Assembly Line 17","73.6","60.2","1.45","7.22",4965,"22.92","Idle","55.36","Yes","93.8",9,24,3,9681,"E005","Error condition E005","06-01-2024","22-09-2024"
"LOG00000467","10-02-2024","20:02:33",2024,3,"MACH00068","Machine 68","MODEL-2737","Robot Arm","KUKA","FAC04","Factory 4","LINE018","Assembly Line 18","23.7","69.1","7.2","42.7",2931,"2.63","Maintenance","78.49","No","95.69",1,6,17,6429,"None","No errors","27-12-2024","19-07-2024"
"LOG00000468","07-06-2024","09:17:31",2024,6,"MACH00069","Machine 69","MODEL-7121","Welder","Bosch","FAC05","Factory 5","LINE019","Assembly Line 19","35.7","65.8","1.55","26.97",6149,"27.67","Error","57.38","Yes","62.42",7,18,3,9791,"E001","Error condition E001","11-04-2024","22-03-2024"
"LOG00000469","28-09-2024","13:47:07",2024,3,"MACH00070","Machine 70","MODEL-4213","Drill","Mitsubishi","FAC06","Factory 6","LINE020","Assembly Line 20","60.3","31.2","2.27","22.55",1774,"10.6","Stopped","63.39","Yes","72.48",6,17,13,4532,"E002","Error condition E002","13-05-2024","24-07-2024"
"LOG00000470","28-03-2024","09:56:28",2024,12,"MACH00071","Machine 71","MODEL-4325","Lathe","Yaskawa","FAC07","Factory 7","LINE021","Assembly Line 21","45.1","63.2","8.93","44.82",935,"33.82","Running","89","No","80.57",24,16,10,8373,"E003","Error condition E003","21-11-2024","07-07-2024"
"LOG00000471","23-05-2024","09:38:49",2024,12,"MACH00072","Machine 72","MODEL-7335","Compressor","Omron","FAC08","Factory 8","LINE022","Assembly Line 22","63.6","72.3","8.3","13.81",6955,"16.94","Idle","93.33","No","63.68",17,16,13,2253,"E004","Error condition E004","12-02-2024","03-03-2024"
"LOG00000472","08-11-2024","10:09:24",2024,10,"MACH00073","Machine 73","MODEL-9480","CNC Machine","Siemens","FAC01","Factory 1","LINE023","Assembly Line 23","63.7","48.8","0.78","45.64",833,"36.5","Maintenance","86.86","No","66.68",9,0,23,6220,"E005","Error condition E005","16-08-2024","10-07-2024"
"LOG00000473","13-03-2024","22:44:08",2024,9,"MACH00074","Machine 74","MODEL-7332","Hydraulic Press","ABB","FAC02","Factory 2","LINE024","Assembly Line 24","51.6","47.3","5.74","41.41",2392,"9.73","Error","55.82","Yes","94.86",3,7,20,2320,"None","No errors","18-05-2024","05-03-2024"
"LOG00000474","08-02-2024","03:25:17",2024,9,"MACH00075","Machine 75","MODEL-2949","Conveyor","Fanuc","FAC03","Factory 3","LINE025","Assembly Line 25","66.3","35","2.57","30.42",9374,"25.76","Stopped","64.62","Yes","66.75",24,19,23,513,"E001","Error condition E001","16-11-2024","07-04-2024"
"LOG00000475","16-09-2024","17:13:19",2024,8,"MACH00076","Machine 76","MODEL-8690","Robot Arm","KUKA","FAC04","Factory 4","LINE026","Assembly Line 26","46.2","32.6","1.23","26.03",2435,"16.23","Running","61.76","Yes","87.15",17,14,7,1428,"E002","Error condition E002","19-06-2024","22-10-2024"
"LOG00000476","21-12-2024","07:31:40",2024,2,"MACH00077","Machine 77","MODEL-5084","Welder","Bosch","FAC05","Factory 5","LINE027","Assembly Line 27","78.3","66.2","3.85","47.06",8312,"13.77","Idle","71.55","No","99.16",10,13,22,5972,"E003","Error condition E003","14-01-2024","28-06-2024"
"LOG00000477","28-12-2024","19:19:55",2024,10,"MACH00078","Machine 78","MODEL-7115","Drill","Mitsubishi","FAC06","Factory 6","LINE028","Assembly Line 28","49.2","31.7","2.62","32.69",5567,"12.03","Maintenance","84.6","No","63.97",18,17,7,7726,"E004","Error condition E004","18-12-2024","01-04-2024"
"LOG00000478","25-01-2024","18:47:32",2024,12,"MACH00079","Machine 79","MODEL-4415","Lathe","Yaskawa","FAC07","Factory 7","LINE029","Assembly Line 29","31.4","43","4.96","9.84",9828,"2.06","Error","89.82","No","73.77",17,2,4,629,"E005","Error condition E005","21-05-2024","21-01-2024"
"LOG00000479","21-07-2024","19:07:55",2024,10,"MACH00080","Machine 80","MODEL-6576","Compressor","Omron","FAC08","Factory 8","LINE030","Assembly Line 30","79","54.2","5.76","4.73",7605,"13.61","Stopped","90.87","No","72.07",24,18,22,4144,"None","No errors","07-06-2024","27-12-2024"
"LOG00000480","10-07-2024","15:03:57",2024,2,"MACH00081","Machine 81","MODEL-1181","CNC Machine","Siemens","FAC01","Factory 1","LINE001","Assembly Line 1","79.9","37.9","7.45","12.47",9632,"23.72","Running","79.7","No","66.76",17,0,22,7111,"E001","Error condition E001","17-09-2024","17-02-2024"
"LOG00000481","23-04-2024","10:25:57",2024,10,"MACH00082","Machine 82","MODEL-8739","Hydraulic Press","ABB","FAC02","Factory 2","LINE002","Assembly Line 2","60.8","47.2","5.92","20.83",6381,"32.29","Idle","89.06","No","97.96",16,1,0,5400,"E002","Error condition E002","15-11-2024","20-05-2024"
"LOG00000482","26-10-2024","11:09:20",2024,6,"MACH00083","Machine 83","MODEL-6922","Conveyor","Fanuc","FAC03","Factory 3","LINE003","Assembly Line 3","76.7","55.4","9.95","3.3",492,"34.48","Maintenance","69.1","Yes","93.71",23,16,7,9758,"E003","Error condition E003","09-02-2024","22-01-2024"
"LOG00000483","06-07-2024","22:22:10",2024,2,"MACH00084","Machine 84","MODEL-8264","Robot Arm","KUKA","FAC04","Factory 4","LINE004","Assembly Line 4","49.4","42.6","1.94","17.36",7443,"13.1","Error","88.03","No","82.08",4,16,0,6314,"E004","Error condition E004","01-07-2024","09-03-2024"
"LOG00000484","14-04-2024","06:26:52",2024,3,"MACH00085","Machine 85","MODEL-2836","Welder","Bosch","FAC05","Factory 5","LINE005","Assembly Line 5","55","33.6","3.92","1.28",1394,"7.55","Stopped","85.59","No","66.35",8,16,10,6401,"E005","Error condition E005","10-04-2024","24-07-2024"
"LOG00000485","28-03-2024","05:31:57",2024,3,"MACH00086","Machine 86","MODEL-5710","Drill","Mitsubishi","FAC06","Factory 6","LINE006","Assembly Line 6","48.5","51.7","1.21","27.56",2068,"34.96","Running","68.02","Yes","96.43",14,23,21,8200,"None","No errors","09-04-2024","01-10-2024"
"LOG00000486","02-08-2024","09:44:42",2024,6,"MACH00087","Machine 87","MODEL-1948","Lathe","Yaskawa","FAC07","Factory 7","LINE007","Assembly Line 7","63.7","45.7","9.64","47.83",4967,"17.59","Idle","86.45","No","87.54",24,11,5,1396,"E001","Error condition E001","21-12-2024","17-12-2024"
"LOG00000487","10-07-2024","04:43:16",2024,6,"MACH00088","Machine 88","MODEL-3183","Compressor","Omron","FAC08","Factory 8","LINE008","Assembly Line 8","35.1","34.6","6.98","29.71",6693,"14.53","Maintenance","75.69","No","63.96",6,13,9,562,"E002","Error condition E002","12-05-2024","06-08-2024"
"LOG00000488","02-03-2024","05:14:23",2024,1,"MACH00089","Machine 89","MODEL-6598","CNC Machine","Siemens","FAC01","Factory 1","LINE009","Assembly Line 9","65.4","76.9","6.14","41.45",1536,"26.55","Error","63.88","Yes","75.92",19,2,18,6962,"E003","Error condition E003","27-09-2024","13-04-2024"
"LOG00000489","03-09-2024","22:06:03",2024,11,"MACH00090","Machine 90","MODEL-4720","Hydraulic Press","ABB","FAC02","Factory 2","LINE010","Assembly Line 10","75.6","78.6","5.31","8.21",7547,"2.46","Stopped","57.38","Yes","62.03",11,19,2,1368,"E004","Error condition E004","14-03-2024","09-08-2024"
"LOG00000490","06-09-2024","00:46:10",2024,1,"MACH00091","Machine 91","MODEL-7560","Conveyor","Fanuc","FAC03","Factory 3","LINE011","Assembly Line 11","31.1","44.6","7.16","35.95",1969,"35.21","Running","73.88","No","71.2",24,19,23,6231,"E005","Error condition E005","12-05-2024","05-02-2024"
"LOG00000491","03-02-2024","21:32:33",2024,10,"MACH00092","Machine 92","MODEL-2376","Robot Arm","KUKA","FAC04","Factory 4","LINE012","Assembly Line 12","47.4","63.5","5.54","13.32",2413,"32.99","Idle","87.82","No","64.07",0,18,23,1969,"None","No errors","06-05-2024","07-09-2024"
"LOG00000492","22-09-2024","07:13:57",2024,9,"MACH00093","Machine 93","MODEL-3099","Welder","Bosch","FAC05","Factory 5","LINE013","Assembly Line 13","49","69","7.09","12.97",8798,"48.64","Maintenance","84.82","No","66.09",1,7,6,5343,"E001","Error condition E001","23-09-2024","10-05-2024"
"LOG00000493","27-04-2024","15:11:11",2024,3,"MACH00094","Machine 94","MODEL-3142","Drill","Mitsubishi","FAC06","Factory 6","LINE014","Assembly Line 14","49.2","78.1","7.92","6.07",1303,"47.7","Error","87.28","No","74.63",23,2,4,2692,"E002","Error condition E002","23-07-2024","03-05-2024"
"LOG00000494","13-07-2024","23:00:47",2024,8,"MACH00095","Machine 95","MODEL-1895","Lathe","Yaskawa","FAC07","Factory 7","LINE015","Assembly Line 15","28.6","53.8","5.99","1.15",608,"48.5","Stopped","67.45","Yes","99.36",23,5,7,6331,"E003","Error condition E003","24-01-2024","11-09-2024"
"LOG00000495","15-07-2024","05:16:51",2024,3,"MACH00096","Machine 96","MODEL-1209","Compressor","Omron","FAC08","Factory 8","LINE016","Assembly Line 16","61.3","44.2","9.46","32.63",4125,"6.04","Running","79.69","No","98.14",24,7,8,161,"E004","Error condition E004","27-02-2024","04-05-2024"
"LOG00000496","26-08-2024","20:54:56",2024,1,"MACH00097","Machine 97","MODEL-8762","CNC Machine","Siemens","FAC01","Factory 1","LINE017","Assembly Line 17","39.2","76","3.85","10.4",3193,"35.04","Idle","91.65","No","71.59",11,5,15,2577,"E005","Error condition E005","01-11-2024","11-08-2024"
"LOG00000497","05-11-2024","15:52:55",2024,8,"MACH00098","Machine 98","MODEL-7487","Hydraulic Press","ABB","FAC02","Factory 2","LINE018","Assembly Line 18","27.9","59.7","7.31","47.55",5833,"9.71","Maintenance","53.37","Yes","83.74",8,7,15,2168,"None","No errors","09-07-2024","18-02-2024"
"LOG00000498","20-01-2024","00:33:11",2024,2,"MACH00099","Machine 99","MODEL-4029","Conveyor","Fanuc","FAC03","Factory 3","LINE019","Assembly Line 19","56.3","70.7","5.33","39.65",3986,"9.52","Error","53.01","Yes","79.44",14,4,22,7708,"E001","Error condition E001","22-06-2024","28-11-2024"
"LOG00000499","01-06-2024","19:43:00",2024,11,"MACH00100","Machine 100","MODEL-6537","Robot Arm","KUKA","FAC04","Factory 4","LINE020","Assembly Line 20","58.7","46.1","4.23","27.52",706,"0.07","Stopped","66.47","Yes","94.38",15,16,19,4722,"E002","Error condition E002","27-08-2024","04-09-2024"
"LOG00000500","15-07-2024","23:54:04",2024,8,"MACH00001","Machine 1","MODEL-4090","Welder","Bosch","FAC05","Factory 5","LINE021","Assembly Line 21","67.1","59.4","5.08","5.54",3591,"3.14","Running","83.29","No","98.57",9,18,10,3247,"E003","Error condition E003","17-06-2024","03-11-2024"
"LOG00000501","07-04-2024","06:34:44",2024,6,"MACH00002","Machine 2","MODEL-2425","Drill","Mitsubishi","FAC06","Factory 6","LINE022","Assembly Line 22","38.6","56","2.73","21.65",7324,"37.21","Idle","97.47","No","63.41",23,23,1,5291,"E004","Error condition E004","06-10-2024","07-09-2024"
"LOG00000502","09-11-2024","01:43:10",2024,10,"MACH00003","Machine 3","MODEL-4653","Lathe","Yaskawa","FAC07","Factory 7","LINE023","Assembly Line 23","74.1","56.2","7.58","4.41",7148,"3.83","Maintenance","74.34","No","75.56",10,20,1,5362,"E005","Error condition E005","19-04-2024","17-07-2024"
"LOG00000503","11-07-2024","04:59:03",2024,9,"MACH00004","Machine 4","MODEL-4134","Compressor","Omron","FAC08","Factory 8","LINE024","Assembly Line 24","58.5","70.9","6.49","32.58",9846,"29.8","Error","98.43","No","65.66",23,5,4,8962,"None","No errors","17-02-2024","08-07-2024"
"LOG00000504","11-06-2024","12:54:10",2024,12,"MACH00005","Machine 5","MODEL-3963","CNC Machine","Siemens","FAC01","Factory 1","LINE025","Assembly Line 25","28.8","34.6","9.38","39.73",9874,"17.61","Stopped","51.21","Yes","76.82",3,2,18,7848,"E001","Error condition E001","01-03-2024","22-10-2024"
"LOG00000505","16-12-2024","19:50:19",2024,9,"MACH00006","Machine 6","MODEL-2710","Hydraulic Press","ABB","FAC02","Factory 2","LINE026","Assembly Line 26","29.9","31.8","6.61","41.33",9354,"49.68","Running","64.96","Yes","94.73",7,24,18,3055,"E002","Error condition E002","08-08-2024","13-10-2024"
"LOG00000506","07-10-2024","19:19:33",2024,1,"MACH00007","Machine 7","MODEL-2036","Conveyor","Fanuc","FAC03","Factory 3","LINE027","Assembly Line 27","40.3","39.6","5.85","23.06",3900,"30.71","Idle","76.05","No","74.77",5,2,0,3602,"E003","Error condition E003","12-07-2024","13-12-2024"
"LOG00000507","04-05-2024","00:28:02",2024,4,"MACH00008","Machine 8","MODEL-8353","Robot Arm","KUKA","FAC04","Factory 4","LINE028","Assembly Line 28","45.1","38.8","1.78","7.54",8798,"14.89","Maintenance","57.07","Yes","94.38",1,16,15,6455,"E004","Error condition E004","01-12-2024","08-02-2024"
"LOG00000508","03-06-2024","16:10:04",2024,12,"MACH00009","Machine 9","MODEL-7419","Welder","Bosch","FAC05","Factory 5","LINE029","Assembly Line 29","52.9","78.9","3.92","40.32",4162,"31.54","Error","83.7","No","60.06",5,22,18,9736,"E005","Error condition E005","16-02-2024","07-08-2024"
"LOG00000509","15-11-2024","04:33:34",2024,4,"MACH00010","Machine 10","MODEL-6813","Drill","Mitsubishi","FAC06","Factory 6","LINE030","Assembly Line 30","51.6","71.5","7.7","47.53",7434,"11.88","Stopped","91.75","No","68.17",16,19,14,352,"None","No errors","27-10-2024","07-09-2024"
"LOG00000510","06-10-2024","19:45:29",2024,7,"MACH00011","Machine 11","MODEL-8778","Lathe","Yaskawa","FAC07","Factory 7","LINE001","Assembly Line 1","38","47.5","4.69","49.52",2362,"25.76","Running","91.39","No","94.44",13,21,24,1387,"E001","Error condition E001","28-01-2024","13-06-2024"
"LOG00000511","03-09-2024","11:03:54",2024,10,"MACH00012","Machine 12","MODEL-6740","Compressor","Omron","FAC08","Factory 8","LINE002","Assembly Line 2","20.9","36.5","5.64","4.86",944,"36.42","Idle","55.41","Yes","83.77",10,8,9,8587,"E002","Error condition E002","04-06-2024","16-08-2024"
"LOG00000512","05-07-2024","05:15:38",2024,5,"MACH00013","Machine 13","MODEL-9640","CNC Machine","Siemens","FAC01","Factory 1","LINE003","Assembly Line 3","53.8","38.2","3","22.63",7394,"49.39","Maintenance","89.68","No","75.54",14,1,5,4788,"E003","Error condition E003","01-04-2024","16-08-2024"
"LOG00000513","20-03-2024","12:28:14",2024,2,"MACH00014","Machine 14","MODEL-1742","Hydraulic Press","ABB","FAC02","Factory 2","LINE004","Assembly Line 4","73.7","67.3","2.96","12.43",9950,"17.89","Error","64.69","Yes","71.27",9,21,8,8845,"E004","Error condition E004","26-06-2024","27-10-2024"
"LOG00000514","01-05-2024","02:12:06",2024,7,"MACH00015","Machine 15","MODEL-5295","Conveyor","Fanuc","FAC03","Factory 3","LINE005","Assembly Line 5","40","34.6","1.78","29.75",7580,"36.03","Stopped","83.67","No","92.46",8,13,22,1619,"E005","Error condition E005","12-05-2024","27-12-2024"
"LOG00000515","12-07-2024","16:42:45",2024,11,"MACH00016","Machine 16","MODEL-7479","Robot Arm","KUKA","FAC04","Factory 4","LINE006","Assembly Line 6","72.3","59.3","6.45","40.47",5900,"1.19","Running","59.64","Yes","89.5",11,4,2,1985,"None","No errors","16-12-2024","23-06-2024"
"LOG00000516","17-11-2024","06:29:22",2024,4,"MACH00017","Machine 17","MODEL-2293","Welder","Bosch","FAC05","Factory 5","LINE007","Assembly Line 7","50.4","47.7","2.03","44.99",1607,"35.3","Idle","70.25","No","61.29",21,16,7,9109,"E001","Error condition E001","12-08-2024","24-10-2024"
"LOG00000517","17-07-2024","15:26:26",2024,6,"MACH00018","Machine 18","MODEL-3400","Drill","Mitsubishi","FAC06","Factory 6","LINE008","Assembly Line 8","40.6","43.4","2.48","7.5",6675,"36.16","Maintenance","94.08","No","94",7,10,6,108,"E002","Error condition E002","17-01-2024","09-12-2024"
"LOG00000518","24-04-2024","13:06:56",2024,9,"MACH00019","Machine 19","MODEL-9752","Lathe","Yaskawa","FAC07","Factory 7","LINE009","Assembly Line 9","78.3","51.9","1.2","32.89",6355,"3.24","Error","87.85","No","66.26",24,20,5,8356,"E003","Error condition E003","07-05-2024","07-07-2024"
"LOG00000519","07-07-2024","01:10:27",2024,3,"MACH00020","Machine 20","MODEL-4734","Compressor","Omron","FAC08","Factory 8","LINE010","Assembly Line 10","62.7","51.4","2.76","3.16",6138,"23.46","Stopped","55.87","Yes","94.19",4,3,18,9356,"E004","Error condition E004","09-07-2024","25-06-2024"
"LOG00000520","11-05-2024","00:57:45",2024,1,"MACH00021","Machine 21","MODEL-7054","CNC Machine","Siemens","FAC01","Factory 1","LINE011","Assembly Line 11","46.4","57.6","8.96","9.74",5314,"37.84","Running","97.16","No","82.38",19,16,23,613,"E005","Error condition E005","16-12-2024","15-01-2024"
"LOG00000521","23-10-2024","01:05:48",2024,1,"MACH00022","Machine 22","MODEL-7594","Hydraulic Press","ABB","FAC02","Factory 2","LINE012","Assembly Line 12","45.4","64.3","8.17","39.98",3092,"7.08","Idle","74.32","No","83.13",18,18,22,9278,"None","No errors","27-09-2024","06-09-2024"
"LOG00000522","09-11-2024","22:05:31",2024,8,"MACH00023","Machine 23","MODEL-3775","Conveyor","Fanuc","FAC03","Factory 3","LINE013","Assembly Line 13","37.2","70.9","3.71","28.84",682,"5.53","Maintenance","52.9","Yes","93.71",10,20,7,3436,"E001","Error condition E001","12-10-2024","15-02-2024"
"LOG00000523","18-03-2024","15:57:34",2024,10,"MACH00024","Machine 24","MODEL-2880","Robot Arm","KUKA","FAC04","Factory 4","LINE014","Assembly Line 14","40.2","66.7","1.85","13.39",1481,"39.68","Error","97.83","No","60.27",6,23,4,4907,"E002","Error condition E002","16-10-2024","04-04-2024"
"LOG00000524","18-08-2024","06:40:23",2024,2,"MACH00025","Machine 25","MODEL-1321","Welder","Bosch","FAC05","Factory 5","LINE015","Assembly Line 15","45.8","48.5","9.46","19.6",8572,"31.79","Stopped","50.88","Yes","63.77",17,22,12,6305,"E003","Error condition E003","10-12-2024","20-03-2024"
"LOG00000525","03-12-2024","15:41:08",2024,11,"MACH00026","Machine 26","MODEL-8503","Drill","Mitsubishi","FAC06","Factory 6","LINE016","Assembly Line 16","77.6","63.4","1.49","31.49",7501,"37.54","Running","65.04","Yes","95.57",0,19,19,4605,"E004","Error condition E004","17-06-2024","25-04-2024"
"LOG00000526","23-07-2024","06:34:57",2024,7,"MACH00027","Machine 27","MODEL-7339","Lathe","Yaskawa","FAC07","Factory 7","LINE017","Assembly Line 17","57.6","63.6","2.05","24.8",6804,"22.05","Idle","79.99","No","97.01",22,4,6,2346,"E005","Error condition E005","14-09-2024","15-08-2024"
"LOG00000527","09-03-2024","12:48:45",2024,8,"MACH00028","Machine 28","MODEL-7227","Compressor","Omron","FAC08","Factory 8","LINE018","Assembly Line 18","20.9","52.1","3.29","2.22",9158,"49.73","Maintenance","83.19","No","79.45",0,14,17,9058,"None","No errors","18-08-2024","12-11-2024"
"LOG00000528","17-03-2024","03:44:45",2024,2,"MACH00029","Machine 29","MODEL-3106","CNC Machine","Siemens","FAC01","Factory 1","LINE019","Assembly Line 19","53.7","68.3","2.19","32.14",8229,"37.83","Error","53.91","Yes","72.45",15,18,6,7085,"E001","Error condition E001","11-10-2024","02-12-2024"
"LOG00000529","08-06-2024","15:10:12",2024,8,"MACH00030","Machine 30","MODEL-4064","Hydraulic Press","ABB","FAC02","Factory 2","LINE020","Assembly Line 20","32","65.3","0.87","22.67",7906,"36.34","Stopped","69.64","Yes","89.42",10,16,19,2187,"E002","Error condition E002","07-12-2024","27-03-2024"
"LOG00000530","03-04-2024","18:41:44",2024,9,"MACH00031","Machine 31","MODEL-2554","Conveyor","Fanuc","FAC03","Factory 3","LINE021","Assembly Line 21","60.4","38.4","5.91","31.72",509,"45.26","Running","72.4","No","78.35",11,3,4,9079,"E003","Error condition E003","08-08-2024","22-02-2024"
"LOG00000531","12-08-2024","01:05:21",2024,9,"MACH00032","Machine 32","MODEL-6836","Robot Arm","KUKA","FAC04","Factory 4","LINE022","Assembly Line 22","79.7","55","2.7","24.78",5540,"0.89","Idle","60.87","Yes","72.86",4,24,6,4037,"E004","Error condition E004","17-10-2024","14-07-2024"
"LOG00000532","14-11-2024","11:08:45",2024,12,"MACH00033","Machine 33","MODEL-9515","Welder","Bosch","FAC05","Factory 5","LINE023","Assembly Line 23","65.3","32.9","8.34","28.12",8438,"15.19","Maintenance","69.6","Yes","87.9",1,21,21,3821,"E005","Error condition E005","07-02-2024","10-10-2024"
"LOG00000533","26-12-2024","23:01:30",2024,6,"MACH00034","Machine 34","MODEL-7693","Drill","Mitsubishi","FAC06","Factory 6","LINE024","Assembly Line 24","46","38.5","9.66","15.27",7931,"40.15","Error","80.9","No","64.5",13,1,5,4996,"None","No errors","27-10-2024","26-11-2024"
"LOG00000534","21-03-2024","05:38:50",2024,4,"MACH00035","Machine 35","MODEL-1054","Lathe","Yaskawa","FAC07","Factory 7","LINE025","Assembly Line 25","74.6","50.1","1.98","46.62",8933,"34.32","Stopped","70.65","No","75.07",15,1,24,516,"E001","Error condition E001","16-02-2024","23-11-2024"
"LOG00000535","12-11-2024","02:41:44",2024,7,"MACH00036","Machine 36","MODEL-5348","Compressor","Omron","FAC08","Factory 8","LINE026","Assembly Line 26","57.7","68.3","1.85","16.9",6542,"25.21","Running","84.98","No","63.6",0,17,5,1438,"E002","Error condition E002","20-01-2024","16-06-2024"
"LOG00000536","03-01-2024","16:24:58",2024,8,"MACH00037","Machine 37","MODEL-1277","CNC Machine","Siemens","FAC01","Factory 1","LINE027","Assembly Line 27","49.8","51.2","2.92","30.97",7749,"2.78","Idle","98.63","No","78.73",19,15,20,4140,"E003","Error condition E003","02-01-2024","18-06-2024"
"LOG00000537","04-05-2024","04:36:22",2024,8,"MACH00038","Machine 38","MODEL-2172","Hydraulic Press","ABB","FAC02","Factory 2","LINE028","Assembly Line 28","59","34.6","3.31","44.99",8739,"27.52","Maintenance","75.66","No","62.54",7,9,20,1202,"E004","Error condition E004","01-01-2024","05-08-2024"
"LOG00000538","17-09-2024","19:43:16",2024,1,"MACH00039","Machine 39","MODEL-2124","Conveyor","Fanuc","FAC03","Factory 3","LINE029","Assembly Line 29","77","45.1","0.67","22.09",4533,"46.14","Error","94.61","No","97.96",7,19,6,6056,"E005","Error condition E005","09-04-2024","12-08-2024"
"LOG00000539","28-12-2024","03:51:13",2024,5,"MACH00040","Machine 40","MODEL-3816","Robot Arm","KUKA","FAC04","Factory 4","LINE030","Assembly Line 30","43.5","59.1","9.08","10.24",5304,"4.81","Stopped","61.2","Yes","61.9",21,15,23,5809,"None","No errors","23-11-2024","14-09-2024"
"LOG00000540","23-11-2024","19:31:47",2024,6,"MACH00041","Machine 41","MODEL-8586","Welder","Bosch","FAC05","Factory 5","LINE001","Assembly Line 1","56.5","36.6","1.98","4.59",6358,"9.57","Running","89.98","No","72.07",10,1,21,8105,"E001","Error condition E001","09-01-2024","22-07-2024"
"LOG00000541","10-01-2024","19:35:37",2024,6,"MACH00042","Machine 42","MODEL-9511","Drill","Mitsubishi","FAC06","Factory 6","LINE002","Assembly Line 2","39.4","41.8","8.4","23.13",376,"41.05","Idle","52.44","Yes","74.9",0,0,5,6380,"E002","Error condition E002","06-10-2024","18-06-2024"
"LOG00000542","22-08-2024","06:38:05",2024,9,"MACH00043","Machine 43","MODEL-3619","Lathe","Yaskawa","FAC07","Factory 7","LINE003","Assembly Line 3","68.5","35.1","7.38","24.14",375,"7.06","Maintenance","94.57","No","68.16",22,3,9,2473,"E003","Error condition E003","10-10-2024","14-09-2024"
"LOG00000543","15-10-2024","16:45:14",2024,9,"MACH00044","Machine 44","MODEL-6986","Compressor","Omron","FAC08","Factory 8","LINE004","Assembly Line 4","40.8","43.1","5.24","30.44",9382,"18.34","Error","73.18","No","84.2",16,14,12,2041,"E004","Error condition E004","01-08-2024","07-07-2024"
"LOG00000544","15-10-2024","07:39:49",2024,6,"MACH00045","Machine 45","MODEL-3401","CNC Machine","Siemens","FAC01","Factory 1","LINE005","Assembly Line 5","36.7","57.9","4.58","0.77",8209,"36.31","Stopped","90.96","No","90.95",14,9,21,4642,"E005","Error condition E005","23-08-2024","02-06-2024"
"LOG00000545","15-02-2024","01:30:55",2024,4,"MACH00046","Machine 46","MODEL-1473","Hydraulic Press","ABB","FAC02","Factory 2","LINE006","Assembly Line 6","58.5","54.4","7.38","2.41",1782,"30.72","Running","91.23","No","99.78",23,15,22,7425,"None","No errors","15-03-2024","25-02-2024"
"LOG00000546","09-03-2024","16:25:42",2024,2,"MACH00047","Machine 47","MODEL-4400","Conveyor","Fanuc","FAC03","Factory 3","LINE007","Assembly Line 7","64.1","60.3","1.91","23.13",7487,"21.49","Idle","97.16","No","60.53",21,22,3,3148,"E001","Error condition E001","15-02-2024","12-04-2024"
"LOG00000547","11-06-2024","02:36:49",2024,12,"MACH00048","Machine 48","MODEL-2522","Robot Arm","KUKA","FAC04","Factory 4","LINE008","Assembly Line 8","28.4","41.1","4.85","20.57",2486,"49.83","Maintenance","61.06","Yes","71.71",24,11,23,7875,"E002","Error condition E002","26-02-2024","06-08-2024"
"LOG00000548","24-03-2024","17:07:42",2024,3,"MACH00049","Machine 49","MODEL-7411","Welder","Bosch","FAC05","Factory 5","LINE009","Assembly Line 9","59.9","36.4","7.89","30.8",6760,"13.27","Error","86.1","No","87.54",20,11,19,361,"E003","Error condition E003","25-03-2024","22-12-2024"
"LOG00000549","21-07-2024","11:54:47",2024,9,"MACH00050","Machine 50","MODEL-9899","Drill","Mitsubishi","FAC06","Factory 6","LINE010","Assembly Line 10","75.9","39.1","6.85","31.38",5977,"15.21","Stopped","77.16","No","60.75",12,12,16,2860,"E004","Error condition E004","10-05-2024","08-10-2024"
"LOG00000550","24-09-2024","16:29:06",2024,8,"MACH00051","Machine 51","MODEL-2308","Lathe","Yaskawa","FAC07","Factory 7","LINE011","Assembly Line 11","32.8","68.3","7.8","49.5",9031,"13.84","Running","94.94","No","93.17",8,14,0,4183,"E005","Error condition E005","27-07-2024","03-05-2024"
"LOG00000551","25-05-2024","08:30:10",2024,1,"MACH00052","Machine 52","MODEL-1437","Compressor","Omron","FAC08","Factory 8","LINE012","Assembly Line 12","53.2","49.6","9.74","17.36",8920,"13.2","Idle","85.9","No","73.94",8,19,24,8693,"None","No errors","24-11-2024","21-09-2024"
"LOG00000552","17-03-2024","05:58:09",2024,8,"MACH00053","Machine 53","MODEL-3390","CNC Machine","Siemens","FAC01","Factory 1","LINE013","Assembly Line 13","22.3","55.1","2.72","27.21",4874,"15.49","Maintenance","99.39","No","61.07",7,11,15,3082,"E001","Error condition E001","01-12-2024","08-09-2024"
"LOG00000553","26-05-2024","21:54:41",2024,5,"MACH00054","Machine 54","MODEL-5470","Hydraulic Press","ABB","FAC02","Factory 2","LINE014","Assembly Line 14","43.2","64.3","3.97","12.93",9385,"14.33","Error","58.39","Yes","63.83",22,4,2,8019,"E002","Error condition E002","04-05-2024","05-11-2024"
"LOG00000554","05-05-2024","08:37:45",2024,2,"MACH00055","Machine 55","MODEL-4437","Conveyor","Fanuc","FAC03","Factory 3","LINE015","Assembly Line 15","62.4","47.2","4.6","18.64",9746,"43.86","Stopped","78.07","No","60.28",3,7,7,4337,"E003","Error condition E003","23-10-2024","20-07-2024"
"LOG00000555","04-09-2024","13:06:37",2024,2,"MACH00056","Machine 56","MODEL-3344","Robot Arm","KUKA","FAC04","Factory 4","LINE016","Assembly Line 16","65.2","50.2","1.8","4.97",2698,"39.51","Running","65.95","Yes","95.03",3,2,10,3124,"E004","Error condition E004","11-11-2024","03-01-2024"
"LOG00000556","27-10-2024","10:00:13",2024,2,"MACH00057","Machine 57","MODEL-3329","Welder","Bosch","FAC05","Factory 5","LINE017","Assembly Line 17","79.1","73.5","3.1","24.66",9048,"8.33","Idle","68.14","Yes","68.56",17,2,16,4067,"E005","Error condition E005","13-01-2024","02-12-2024"
"LOG00000557","03-08-2024","13:40:06",2024,11,"MACH00058","Machine 58","MODEL-2128","Drill","Mitsubishi","FAC06","Factory 6","LINE018","Assembly Line 18","23.5","40.8","4.89","26.5",4812,"20.07","Maintenance","60.93","Yes","99.29",8,22,10,9137,"None","No errors","08-09-2024","13-05-2024"
"LOG00000558","15-03-2024","19:51:33",2024,9,"MACH00059","Machine 59","MODEL-5902","Lathe","Yaskawa","FAC07","Factory 7","LINE019","Assembly Line 19","66.3","32.1","7.77","38.8",2435,"35.01","Error","67.2","Yes","80.42",3,7,22,7785,"E001","Error condition E001","25-05-2024","07-03-2024"
"LOG00000559","02-08-2024","00:53:25",2024,1,"MACH00060","Machine 60","MODEL-4568","Compressor","Omron","FAC08","Factory 8","LINE020","Assembly Line 20","61.3","62.4","6.41","15.49",5250,"46.36","Stopped","54.6","Yes","61.85",21,21,17,3623,"E002","Error condition E002","21-03-2024","24-03-2024"
"LOG00000560","09-04-2024","10:25:55",2024,1,"MACH00061","Machine 61","MODEL-3786","CNC Machine","Siemens","FAC01","Factory 1","LINE021","Assembly Line 21","53.7","36.9","7.06","13.98",2535,"44.27","Running","73.27","No","69.91",7,6,9,1647,"E003","Error condition E003","09-04-2024","08-09-2024"
"LOG00000561","01-09-2024","09:06:50",2024,11,"MACH00062","Machine 62","MODEL-9968","Hydraulic Press","ABB","FAC02","Factory 2","LINE022","Assembly Line 22","43","46.1","5.54","41.12",4790,"12.04","Idle","90.61","No","81.54",10,2,18,4535,"E004","Error condition E004","23-11-2024","23-05-2024"
"LOG00000562","26-01-2024","04:45:42",2024,12,"MACH00063","Machine 63","MODEL-6753","Conveyor","Fanuc","FAC03","Factory 3","LINE023","Assembly Line 23","33.3","66.7","8.11","20.4",6773,"44.5","Maintenance","98.62","No","90.7",21,3,5,2482,"E005","Error condition E005","13-12-2024","05-10-2024"
"LOG00000563","07-11-2024","01:16:46",2024,8,"MACH00064","Machine 64","MODEL-3152","Robot Arm","KUKA","FAC04","Factory 4","LINE024","Assembly Line 24","54.2","49.7","2.8","38.15",3215,"25.8","Error","67.7","Yes","91.77",9,13,24,9602,"None","No errors","18-12-2024","17-01-2024"
"LOG00000564","07-01-2024","22:57:44",2024,1,"MACH00065","Machine 65","MODEL-6374","Welder","Bosch","FAC05","Factory 5","LINE025","Assembly Line 25","50","49.2","6.06","34.31",3562,"49.87","Stopped","69.91","Yes","99.14",20,18,13,9150,"E001","Error condition E001","09-06-2024","09-01-2024"
"LOG00000565","22-12-2024","21:04:44",2024,7,"MACH00066","Machine 66","MODEL-6151","Drill","Mitsubishi","FAC06","Factory 6","LINE026","Assembly Line 26","68.9","56.4","7.02","47.08",4404,"31.6","Running","92.31","No","89.89",3,4,14,5393,"E002","Error condition E002","04-08-2024","10-11-2024"
"LOG00000566","13-03-2024","01:00:27",2024,2,"MACH00067","Machine 67","MODEL-3010","Lathe","Yaskawa","FAC07","Factory 7","LINE027","Assembly Line 27","59.3","70","9.25","37.58",3260,"22.02","Idle","73.67","No","95.1",0,24,17,82,"E003","Error condition E003","06-10-2024","05-11-2024"
"LOG00000567","28-12-2024","06:28:27",2024,1,"MACH00068","Machine 68","MODEL-7914","Compressor","Omron","FAC08","Factory 8","LINE028","Assembly Line 28","30.2","78.7","8.61","18.94",5701,"37.98","Maintenance","53.68","Yes","68.68",24,1,0,2059,"E004","Error condition E004","24-05-2024","21-09-2024"
"LOG00000568","05-11-2024","00:49:58",2024,4,"MACH00069","Machine 69","MODEL-7737","CNC Machine","Siemens","FAC01","Factory 1","LINE029","Assembly Line 29","59.7","37.3","5.76","27.03",4490,"23.91","Error","71.3","No","94.98",19,6,1,7868,"E005","Error condition E005","12-12-2024","26-01-2024"
"LOG00000569","22-06-2024","20:16:23",2024,12,"MACH00070","Machine 70","MODEL-4326","Hydraulic Press","ABB","FAC02","Factory 2","LINE030","Assembly Line 30","66.7","53.9","9.37","46.48",556,"33.05","Stopped","94.39","No","84.02",3,18,14,4300,"None","No errors","26-06-2024","07-07-2024"
"LOG00000570","28-03-2024","17:22:14",2024,1,"MACH00071","Machine 71","MODEL-2243","Conveyor","Fanuc","FAC03","Factory 3","LINE001","Assembly Line 1","37.3","73.8","4.27","15.91",8677,"2.75","Running","70.11","No","83.71",24,21,15,7618,"E001","Error condition E001","16-08-2024","20-07-2024"
"LOG00000571","20-03-2024","20:46:15",2024,9,"MACH00072","Machine 72","MODEL-6603","Robot Arm","KUKA","FAC04","Factory 4","LINE002","Assembly Line 2","73.7","58.5","7.35","0.36",9504,"11.79","Idle","85","No","90.58",14,0,6,1739,"E002","Error condition E002","27-03-2024","07-12-2024"
"LOG00000572","19-01-2024","12:07:56",2024,7,"MACH00073","Machine 73","MODEL-4134","Welder","Bosch","FAC05","Factory 5","LINE003","Assembly Line 3","78.7","73.7","7.82","14.08",1432,"23.04","Maintenance","52.01","Yes","82.58",8,20,22,1386,"E003","Error condition E003","28-08-2024","19-09-2024"
"LOG00000573","08-06-2024","15:05:23",2024,12,"MACH00074","Machine 74","MODEL-4969","Drill","Mitsubishi","FAC06","Factory 6","LINE004","Assembly Line 4","72.5","74","3.3","9.1",5444,"8.32","Error","58.76","Yes","77.32",2,4,10,8735,"E004","Error condition E004","07-09-2024","05-11-2024"
"LOG00000574","07-05-2024","15:06:18",2024,5,"MACH00075","Machine 75","MODEL-4116","Lathe","Yaskawa","FAC07","Factory 7","LINE005","Assembly Line 5","76.2","59.5","3.02","38.3",1173,"0.82","Stopped","51.36","Yes","85.89",10,15,15,666,"E005","Error condition E005","21-06-2024","18-01-2024"
"LOG00000575","28-12-2024","21:37:00",2024,10,"MACH00076","Machine 76","MODEL-1157","Compressor","Omron","FAC08","Factory 8","LINE006","Assembly Line 6","45.1","73","8.42","37.73",6586,"9.66","Running","91.27","No","70.46",10,8,15,5324,"None","No errors","13-10-2024","01-10-2024"
"LOG00000576","05-11-2024","12:32:15",2024,8,"MACH00077","Machine 77","MODEL-6581","CNC Machine","Siemens","FAC01","Factory 1","LINE007","Assembly Line 7","67.6","30.4","6.63","23.97",9094,"13.11","Idle","60.02","Yes","65.27",21,21,3,8052,"E001","Error condition E001","09-02-2024","21-07-2024"
"LOG00000577","09-11-2024","21:06:43",2024,4,"MACH00078","Machine 78","MODEL-3558","Hydraulic Press","ABB","FAC02","Factory 2","LINE008","Assembly Line 8","72.8","31.3","2.76","1.86",1695,"18.91","Maintenance","67.58","Yes","80.65",2,16,6,6218,"E002","Error condition E002","24-05-2024","23-01-2024"
"LOG00000578","20-06-2024","04:05:31",2024,4,"MACH00079","Machine 79","MODEL-9102","Conveyor","Fanuc","FAC03","Factory 3","LINE009","Assembly Line 9","21.8","57.4","3.19","5.88",6798,"21","Error","64.19","Yes","85.07",1,7,15,9108,"E003","Error condition E003","27-12-2024","20-04-2024"
"LOG00000579","15-08-2024","11:32:32",2024,8,"MACH00080","Machine 80","MODEL-3045","Robot Arm","KUKA","FAC04","Factory 4","LINE010","Assembly Line 10","42.2","49","7.82","30.19",4214,"38.42","Stopped","56.72","Yes","68.96",4,18,5,2036,"E004","Error condition E004","08-04-2024","08-04-2024"
"LOG00000580","27-12-2024","15:37:58",2024,12,"MACH00081","Machine 81","MODEL-1746","Welder","Bosch","FAC05","Factory 5","LINE011","Assembly Line 11","41.2","67.8","7.63","32.35",2287,"34.82","Running","53.93","Yes","66.91",13,0,18,7903,"E005","Error condition E005","13-05-2024","26-11-2024"
"LOG00000581","23-04-2024","11:40:32",2024,7,"MACH00082","Machine 82","MODEL-3573","Drill","Mitsubishi","FAC06","Factory 6","LINE012","Assembly Line 12","63.5","72.3","8.57","27.75",8698,"12.49","Idle","54.75","Yes","84.22",15,6,21,7450,"None","No errors","14-07-2024","19-11-2024"
"LOG00000582","09-11-2024","06:34:54",2024,4,"MACH00083","Machine 83","MODEL-7579","Lathe","Yaskawa","FAC07","Factory 7","LINE013","Assembly Line 13","26.6","70.7","6.81","35.19",9952,"20.75","Maintenance","99.97","No","84.63",19,16,8,5733,"E001","Error condition E001","18-04-2024","02-11-2024"
"LOG00000583","04-09-2024","18:17:07",2024,5,"MACH00084","Machine 84","MODEL-3584","Compressor","Omron","FAC08","Factory 8","LINE014","Assembly Line 14","36.2","79.9","2.14","1.81",5347,"32.83","Error","68.49","Yes","99.2",14,22,24,1964,"E002","Error condition E002","13-08-2024","23-11-2024"
"LOG00000584","13-09-2024","09:30:00",2024,12,"MACH00085","Machine 85","MODEL-6712","CNC Machine","Siemens","FAC01","Factory 1","LINE015","Assembly Line 15","27.8","37.5","6.16","2.9",4527,"47.07","Stopped","74.53","No","78.46",13,9,22,8718,"E003","Error condition E003","25-05-2024","23-12-2024"
"LOG00000585","02-10-2024","07:12:39",2024,12,"MACH00086","Machine 86","MODEL-9669","Hydraulic Press","ABB","FAC02","Factory 2","LINE016","Assembly Line 16","52.7","69.4","7.3","15.28",5951,"40.88","Running","72.53","No","81.53",19,20,3,9043,"E004","Error condition E004","28-04-2024","21-01-2024"
"LOG00000586","06-04-2024","01:25:47",2024,12,"MACH00087","Machine 87","MODEL-6808","Conveyor","Fanuc","FAC03","Factory 3","LINE017","Assembly Line 17","46","56.7","7.8","13.95",8897,"25.57","Idle","79","No","81.12",8,2,5,9678,"E005","Error condition E005","13-05-2024","05-07-2024"
"LOG00000587","08-05-2024","12:01:58",2024,4,"MACH00088","Machine 88","MODEL-2609","Robot Arm","KUKA","FAC04","Factory 4","LINE018","Assembly Line 18","52.6","42.5","4.46","7.58",810,"18.67","Maintenance","59.19","Yes","81.18",0,24,1,2947,"None","No errors","24-01-2024","05-02-2024"
"LOG00000588","27-11-2024","17:05:42",2024,7,"MACH00089","Machine 89","MODEL-9768","Welder","Bosch","FAC05","Factory 5","LINE019","Assembly Line 19","29.1","53.5","2.76","21.25",9857,"6.62","Error","71.64","No","86.56",12,5,7,9982,"E001","Error condition E001","10-08-2024","28-02-2024"
"LOG00000589","26-10-2024","02:17:43",2024,8,"MACH00090","Machine 90","MODEL-4510","Drill","Mitsubishi","FAC06","Factory 6","LINE020","Assembly Line 20","24.7","36","7.89","39.7",3306,"24.99","Stopped","52.68","Yes","62.82",3,6,15,9621,"E002","Error condition E002","13-06-2024","05-01-2024"
"LOG00000590","23-03-2024","07:56:41",2024,4,"MACH00091","Machine 91","MODEL-4741","Lathe","Yaskawa","FAC07","Factory 7","LINE021","Assembly Line 21","36.2","52.8","7.17","36.03",8234,"12.1","Running","88.02","No","62.7",22,13,18,5543,"E003","Error condition E003","07-10-2024","10-10-2024"
"LOG00000591","14-10-2024","01:37:44",2024,7,"MACH00092","Machine 92","MODEL-7548","Compressor","Omron","FAC08","Factory 8","LINE022","Assembly Line 22","44.2","54.7","3.53","22.49",8873,"41.7","Idle","62.71","Yes","69.52",20,3,12,7055,"E004","Error condition E004","15-08-2024","28-10-2024"
"LOG00000592","28-04-2024","07:06:44",2024,9,"MACH00093","Machine 93","MODEL-7952","CNC Machine","Siemens","FAC01","Factory 1","LINE023","Assembly Line 23","75","34.9","7.26","44.45",1591,"40.98","Maintenance","55.58","Yes","67.21",5,5,7,8727,"E005","Error condition E005","18-01-2024","28-06-2024"
"LOG00000593","02-12-2024","16:03:50",2024,9,"MACH00094","Machine 94","MODEL-5787","Hydraulic Press","ABB","FAC02","Factory 2","LINE024","Assembly Line 24","79.9","35","0.52","47.05",3026,"31.13","Error","53.31","Yes","93.52",16,5,6,5527,"None","No errors","08-05-2024","14-02-2024"
"LOG00000594","10-05-2024","14:55:45",2024,6,"MACH00095","Machine 95","MODEL-8867","Conveyor","Fanuc","FAC03","Factory 3","LINE025","Assembly Line 25","29.6","71.5","3.06","46.18",9611,"7.67","Stopped","99.35","No","66.52",10,10,19,3268,"E001","Error condition E001","05-08-2024","12-07-2024"
"LOG00000595","20-07-2024","09:10:27",2024,8,"MACH00096","Machine 96","MODEL-3828","Robot Arm","KUKA","FAC04","Factory 4","LINE026","Assembly Line 26","44.6","57.5","5.3","29.12",6353,"27.34","Running","59.52","Yes","69.71",8,0,9,8579,"E002","Error condition E002","24-03-2024","02-01-2024"
"LOG00000596","04-01-2024","18:28:43",2024,2,"MACH00097","Machine 97","MODEL-1102","Welder","Bosch","FAC05","Factory 5","LINE027","Assembly Line 27","36.2","69.3","7.65","11.1",41,"9.3","Idle","73.07","No","93.13",15,0,3,1621,"E003","Error condition E003","28-02-2024","14-11-2024"
"LOG00000597","18-04-2024","03:57:03",2024,9,"MACH00098","Machine 98","MODEL-1915","Drill","Mitsubishi","FAC06","Factory 6","LINE028","Assembly Line 28","79","33.8","2.18","2.24",6293,"30.12","Maintenance","71.02","No","98.06",23,3,14,9073,"E004","Error condition E004","13-08-2024","28-05-2024"
"LOG00000598","16-06-2024","06:20:35",2024,5,"MACH00099","Machine 99","MODEL-4569","Lathe","Yaskawa","FAC07","Factory 7","LINE029","Assembly Line 29","40.3","45.4","1.18","45.1",2768,"11.71","Error","68.32","Yes","70.15",6,1,24,3506,"E005","Error condition E005","06-10-2024","19-10-2024"
"LOG00000599","04-04-2024","12:54:20",2024,1,"MACH00100","Machine 100","MODEL-7144","Compressor","Omron","FAC08","Factory 8","LINE030","Assembly Line 30","56.8","66.2","4.81","4.26",3120,"10.44","Stopped","93.13","No","81.85",0,17,20,9614,"None","No errors","08-10-2024","15-03-2024"
"LOG00000600","02-08-2024","08:57:43",2024,6,"MACH00001","Machine 1","MODEL-8154","CNC Machine","Siemens","FAC01","Factory 1","LINE001","Assembly Line 1","50.7","53.3","5.7","7.65",2086,"8.98","Running","71.13","No","92.86",11,4,17,8784,"E001","Error condition E001","22-04-2024","07-07-2024"
"LOG00000601","14-03-2024","09:43:03",2024,2,"MACH00002","Machine 2","MODEL-8331","Hydraulic Press","ABB","FAC02","Factory 2","LINE002","Assembly Line 2","33.5","51.8","2.18","20.58",8646,"8.53","Idle","94.7","No","70.63",17,20,3,8187,"E002","Error condition E002","14-12-2024","15-06-2024"
"LOG00000602","07-12-2024","01:19:11",2024,11,"MACH00003","Machine 3","MODEL-8294","Conveyor","Fanuc","FAC03","Factory 3","LINE003","Assembly Line 3","40.3","43.9","3.28","24.62",6114,"40","Maintenance","81.57","No","73.09",15,15,23,3964,"E003","Error condition E003","17-07-2024","19-08-2024"
"LOG00000603","14-10-2024","18:54:55",2024,2,"MACH00004","Machine 4","MODEL-4982","Robot Arm","KUKA","FAC04","Factory 4","LINE004","Assembly Line 4","38.6","56.3","7.05","10.68",1308,"27.74","Error","72.26","No","97.82",20,0,22,6527,"E004","Error condition E004","23-08-2024","20-12-2024"
"LOG00000604","10-11-2024","06:20:46",2024,1,"MACH00005","Machine 5","MODEL-7014","Welder","Bosch","FAC05","Factory 5","LINE005","Assembly Line 5","71.9","49.3","0.68","18.84",8976,"49.47","Stopped","99.29","No","89.31",6,6,10,3300,"E005","Error condition E005","05-02-2024","18-01-2024"
"LOG00000605","06-04-2024","19:26:33",2024,9,"MACH00006","Machine 6","MODEL-1519","Drill","Mitsubishi","FAC06","Factory 6","LINE006","Assembly Line 6","23.6","37.4","6.26","9.58",7940,"6.02","Running","78.63","No","97.23",8,2,6,7098,"None","No errors","15-01-2024","23-12-2024"
"LOG00000606","12-11-2024","21:35:06",2024,4,"MACH00007","Machine 7","MODEL-7744","Lathe","Yaskawa","FAC07","Factory 7","LINE007","Assembly Line 7","69.2","39","5.93","17.22",5654,"31.2","Idle","80.38","No","66.18",21,1,12,2354,"E001","Error condition E001","03-03-2024","17-11-2024"
"LOG00000607","18-04-2024","07:52:42",2024,2,"MACH00008","Machine 8","MODEL-3510","Compressor","Omron","FAC08","Factory 8","LINE008","Assembly Line 8","74.7","60.5","2.88","40.19",2243,"1.89","Maintenance","53.25","Yes","68.41",16,12,10,3618,"E002","Error condition E002","01-11-2024","12-11-2024"
"LOG00000608","20-11-2024","02:03:31",2024,11,"MACH00009","Machine 9","MODEL-6892","CNC Machine","Siemens","FAC01","Factory 1","LINE009","Assembly Line 9","29.3","58.1","0.67","10.22",5721,"28.71","Error","56.8","Yes","72.32",20,10,18,2868,"E003","Error condition E003","19-07-2024","27-03-2024"
"LOG00000609","06-06-2024","10:37:50",2024,11,"MACH00010","Machine 10","MODEL-5584","Hydraulic Press","ABB","FAC02","Factory 2","LINE010","Assembly Line 10","48.7","63","8.3","40.1",1585,"9.54","Stopped","94.4","No","89.07",10,24,5,9683,"E004","Error condition E004","21-10-2024","19-02-2024"
"LOG00000610","02-07-2024","05:47:21",2024,9,"MACH00011","Machine 11","MODEL-8155","Conveyor","Fanuc","FAC03","Factory 3","LINE011","Assembly Line 11","35.8","67.3","3.01","18.33",8418,"3.74","Running","99.57","No","61.07",18,4,18,963,"E005","Error condition E005","15-08-2024","24-07-2024"
"LOG00000611","25-06-2024","08:15:13",2024,8,"MACH00012","Machine 12","MODEL-3689","Robot Arm","KUKA","FAC04","Factory 4","LINE012","Assembly Line 12","34","75","6.92","3.56",5784,"14.05","Idle","88.55","No","62.79",12,4,10,8542,"None","No errors","28-11-2024","21-10-2024"
"LOG00000612","24-03-2024","11:20:30",2024,12,"MACH00013","Machine 13","MODEL-4430","Welder","Bosch","FAC05","Factory 5","LINE013","Assembly Line 13","35.5","61.9","2.46","6.53",3368,"39.95","Maintenance","74.1","No","98.01",20,15,17,5954,"E001","Error condition E001","12-12-2024","16-12-2024"
"LOG00000613","05-06-2024","06:06:23",2024,4,"MACH00014","Machine 14","MODEL-3468","Drill","Mitsubishi","FAC06","Factory 6","LINE014","Assembly Line 14","57.5","67.2","2.25","2.94",5495,"28.32","Error","79.16","No","77.92",1,19,4,5690,"E002","Error condition E002","05-04-2024","02-04-2024"
"LOG00000614","21-05-2024","01:31:29",2024,7,"MACH00015","Machine 15","MODEL-7571","Lathe","Yaskawa","FAC07","Factory 7","LINE015","Assembly Line 15","33.1","75.3","1.37","24.95",191,"23.03","Stopped","54.42","Yes","77.93",2,5,0,8136,"E003","Error condition E003","21-03-2024","23-03-2024"
"LOG00000615","03-12-2024","19:37:51",2024,9,"MACH00016","Machine 16","MODEL-2223","Compressor","Omron","FAC08","Factory 8","LINE016","Assembly Line 16","37.6","68.3","1.11","49.67",39,"11.06","Running","75.62","No","65.48",22,4,0,447,"E004","Error condition E004","09-12-2024","19-11-2024"
"LOG00000616","01-01-2024","08:05:10",2024,3,"MACH00017","Machine 17","MODEL-1520","CNC Machine","Siemens","FAC01","Factory 1","LINE017","Assembly Line 17","36.3","35.3","7.81","0.61",730,"35.98","Idle","55.35","Yes","91.34",23,10,7,867,"E005","Error condition E005","06-01-2024","06-08-2024"
"LOG00000617","17-01-2024","11:05:59",2024,9,"MACH00018","Machine 18","MODEL-7504","Hydraulic Press","ABB","FAC02","Factory 2","LINE018","Assembly Line 18","77","38.2","7.19","46.13",2184,"8.31","Maintenance","93.43","No","98.36",4,0,22,6335,"None","No errors","19-03-2024","16-08-2024"
"LOG00000618","27-08-2024","10:52:36",2024,11,"MACH00019","Machine 19","MODEL-7846","Conveyor","Fanuc","FAC03","Factory 3","LINE019","Assembly Line 19","72.1","56.2","0.66","36.34",3466,"42.09","Error","79.32","No","86.12",24,12,9,2064,"E001","Error condition E001","26-05-2024","17-05-2024"
"LOG00000619","06-07-2024","16:55:17",2024,12,"MACH00020","Machine 20","MODEL-6056","Robot Arm","KUKA","FAC04","Factory 4","LINE020","Assembly Line 20","27.1","39.3","1.62","48.14",2501,"38.85","Stopped","64.93","Yes","66.56",18,10,0,7138,"E002","Error condition E002","15-09-2024","25-12-2024"
"LOG00000620","24-11-2024","12:47:20",2024,5,"MACH00021","Machine 21","MODEL-3020","Welder","Bosch","FAC05","Factory 5","LINE021","Assembly Line 21","70.2","78.4","4.74","21.32",3913,"13.48","Running","68.44","Yes","62.57",19,18,18,3520,"E003","Error condition E003","20-09-2024","19-08-2024"
"LOG00000621","28-09-2024","16:34:28",2024,5,"MACH00022","Machine 22","MODEL-1196","Drill","Mitsubishi","FAC06","Factory 6","LINE022","Assembly Line 22","74.3","32.3","7.86","14.22",9201,"2.93","Idle","52.8","Yes","81.47",0,13,19,4860,"E004","Error condition E004","28-11-2024","13-01-2024"
"LOG00000622","19-04-2024","01:14:28",2024,6,"MACH00023","Machine 23","MODEL-5434","Lathe","Yaskawa","FAC07","Factory 7","LINE023","Assembly Line 23","22","44.9","4.23","14.78",4105,"3.3","Maintenance","59.19","Yes","76.31",8,4,4,9329,"E005","Error condition E005","04-03-2024","10-02-2024"
"LOG00000623","21-02-2024","01:48:45",2024,10,"MACH00024","Machine 24","MODEL-4166","Compressor","Omron","FAC08","Factory 8","LINE024","Assembly Line 24","26.5","78","9.39","16.06",7658,"34.48","Error","63.83","Yes","84.13",14,14,14,5164,"None","No errors","10-05-2024","13-04-2024"
"LOG00000624","05-02-2024","07:03:02",2024,9,"MACH00025","Machine 25","MODEL-1213","CNC Machine","Siemens","FAC01","Factory 1","LINE025","Assembly Line 25","57.1","43.8","9.08","39.73",8969,"33.02","Stopped","67.71","Yes","97.77",24,6,0,7594,"E001","Error condition E001","05-09-2024","08-08-2024"
"LOG00000625","25-10-2024","01:54:41",2024,2,"MACH00026","Machine 26","MODEL-1250","Hydraulic Press","ABB","FAC02","Factory 2","LINE026","Assembly Line 26","41.8","69.4","8.56","18.63",1734,"0.71","Running","52.48","Yes","76.57",6,16,4,5792,"E002","Error condition E002","06-04-2024","18-10-2024"
"LOG00000626","04-08-2024","16:03:29",2024,12,"MACH00027","Machine 27","MODEL-8865","Conveyor","Fanuc","FAC03","Factory 3","LINE027","Assembly Line 27","51.2","69.2","5.17","0.76",5816,"48.64","Idle","75.06","No","66.29",14,20,20,9476,"E003","Error condition E003","07-03-2024","04-12-2024"
"LOG00000627","06-12-2024","00:07:40",2024,11,"MACH00028","Machine 28","MODEL-9051","Robot Arm","KUKA","FAC04","Factory 4","LINE028","Assembly Line 28","43.5","54.8","4.39","30.42",2445,"39.94","Maintenance","76.22","No","74.35",15,16,15,1612,"E004","Error condition E004","12-07-2024","10-10-2024"
"LOG00000628","09-10-2024","00:08:37",2024,4,"MACH00029","Machine 29","MODEL-2736","Welder","Bosch","FAC05","Factory 5","LINE029","Assembly Line 29","40.3","69.6","8.96","42.57",4018,"30.76","Error","91.52","No","70.44",10,19,19,4345,"E005","Error condition E005","01-09-2024","11-11-2024"
"LOG00000629","16-12-2024","19:23:25",2024,8,"MACH00030","Machine 30","MODEL-3417","Drill","Mitsubishi","FAC06","Factory 6","LINE030","Assembly Line 30","60.8","37.6","8.44","8.6",6333,"5.25","Stopped","81.16","No","81.77",21,24,8,9682,"None","No errors","03-04-2024","19-12-2024"
"LOG00000630","16-07-2024","06:56:32",2024,11,"MACH00031","Machine 31","MODEL-8144","Lathe","Yaskawa","FAC07","Factory 7","LINE001","Assembly Line 1","45.9","60","6.17","44.03",9530,"28.5","Running","52.82","Yes","93.63",17,20,16,3787,"E001","Error condition E001","11-01-2024","04-08-2024"
"LOG00000631","02-04-2024","23:27:59",2024,10,"MACH00032","Machine 32","MODEL-2198","Compressor","Omron","FAC08","Factory 8","LINE002","Assembly Line 2","66","77.5","3.65","25.58",6775,"26.5","Idle","71.29","No","65.22",19,9,0,2234,"E002","Error condition E002","18-09-2024","07-01-2024"
"LOG00000632","06-11-2024","23:18:18",2024,5,"MACH00033","Machine 33","MODEL-6648","CNC Machine","Siemens","FAC01","Factory 1","LINE003","Assembly Line 3","25.5","65.5","8.19","20.71",1652,"25.32","Maintenance","94.11","No","87.29",23,18,6,8874,"E003","Error condition E003","13-06-2024","03-12-2024"
"LOG00000633","22-05-2024","22:43:58",2024,3,"MACH00034","Machine 34","MODEL-3820","Hydraulic Press","ABB","FAC02","Factory 2","LINE004","Assembly Line 4","56.9","43.8","3.11","40.03",5079,"14.14","Error","68.92","Yes","75.83",1,7,8,6965,"E004","Error condition E004","06-02-2024","12-07-2024"
"LOG00000634","05-08-2024","10:54:15",2024,11,"MACH00035","Machine 35","MODEL-4289","Conveyor","Fanuc","FAC03","Factory 3","LINE005","Assembly Line 5","27.6","38.8","0.72","12.03",6257,"11.16","Stopped","70.49","No","75.51",10,11,20,4251,"E005","Error condition E005","12-02-2024","23-11-2024"
"LOG00000635","05-06-2024","16:14:05",2024,10,"MACH00036","Machine 36","MODEL-5045","Robot Arm","KUKA","FAC04","Factory 4","LINE006","Assembly Line 6","76.6","35.3","8.76","28.65",375,"41.29","Running","60.65","Yes","68.21",4,16,16,9454,"None","No errors","09-04-2024","28-05-2024"
"LOG00000636","08-10-2024","14:58:16",2024,1,"MACH00037","Machine 37","MODEL-6207","Welder","Bosch","FAC05","Factory 5","LINE007","Assembly Line 7","41.3","57.3","3.61","48.09",1202,"16.53","Idle","62.01","Yes","91.5",15,14,7,704,"E001","Error condition E001","22-09-2024","02-12-2024"
"LOG00000637","24-09-2024","20:41:41",2024,7,"MACH00038","Machine 38","MODEL-7393","Drill","Mitsubishi","FAC06","Factory 6","LINE008","Assembly Line 8","56.4","44.1","4.59","17.86",2238,"11.19","Maintenance","90.27","No","65.86",8,8,7,6262,"E002","Error condition E002","08-03-2024","17-06-2024"
"LOG00000638","09-03-2024","17:21:03",2024,2,"MACH00039","Machine 39","MODEL-9414","Lathe","Yaskawa","FAC07","Factory 7","LINE009","Assembly Line 9","33.3","60.7","5.53","38.87",8950,"12.41","Error","79.56","No","84.13",22,13,16,4453,"E003","Error condition E003","09-02-2024","13-04-2024"
"LOG00000639","09-04-2024","03:03:12",2024,9,"MACH00040","Machine 40","MODEL-9552","Compressor","Omron","FAC08","Factory 8","LINE010","Assembly Line 10","68.3","40.6","3.96","9.14",6412,"0.79","Stopped","61.4","Yes","62.87",5,0,2,1541,"E004","Error condition E004","19-04-2024","18-02-2024"
"LOG00000640","01-11-2024","06:24:57",2024,12,"MACH00041","Machine 41","MODEL-8858","CNC Machine","Siemens","FAC01","Factory 1","LINE011","Assembly Line 11","74.9","45.8","9.26","2.93",1585,"33.33","Running","89","No","70.47",17,12,7,6034,"E005","Error condition E005","13-08-2024","14-10-2024"
"LOG00000641","03-09-2024","22:50:08",2024,12,"MACH00042","Machine 42","MODEL-3608","Hydraulic Press","ABB","FAC02","Factory 2","LINE012","Assembly Line 12","48","75.8","2.62","16.13",6969,"15.75","Idle","51.18","Yes","79.39",24,15,19,7834,"None","No errors","02-02-2024","12-02-2024"
"LOG00000642","04-03-2024","05:31:16",2024,8,"MACH00043","Machine 43","MODEL-2078","Conveyor","Fanuc","FAC03","Factory 3","LINE013","Assembly Line 13","76","61.3","2.11","12.75",3542,"26.31","Maintenance","53.27","Yes","69.57",13,20,16,4830,"E001","Error condition E001","28-10-2024","13-12-2024"
"LOG00000643","17-08-2024","07:22:58",2024,4,"MACH00044","Machine 44","MODEL-4805","Robot Arm","KUKA","FAC04","Factory 4","LINE014","Assembly Line 14","25.9","38.1","5.56","0.48",2557,"44.76","Error","64.34","Yes","86.37",12,17,19,5285,"E002","Error condition E002","25-02-2024","25-04-2024"
"LOG00000644","08-08-2024","19:28:45",2024,12,"MACH00045","Machine 45","MODEL-6742","Welder","Bosch","FAC05","Factory 5","LINE015","Assembly Line 15","58.8","57","4.31","34.33",570,"17.98","Stopped","99.61","No","63.77",8,23,23,4930,"E003","Error condition E003","11-08-2024","09-11-2024"
"LOG00000645","16-10-2024","16:38:05",2024,3,"MACH00046","Machine 46","MODEL-6454","Drill","Mitsubishi","FAC06","Factory 6","LINE016","Assembly Line 16","27.9","31.4","0.79","30.86",86,"16.05","Running","59.09","Yes","74.06",15,14,10,3526,"E004","Error condition E004","06-04-2024","04-10-2024"
"LOG00000646","15-02-2024","07:46:52",2024,2,"MACH00047","Machine 47","MODEL-8208","Lathe","Yaskawa","FAC07","Factory 7","LINE017","Assembly Line 17","39.5","39.1","9.03","18.8",6799,"21.67","Idle","75.71","No","66.86",5,12,18,425,"E005","Error condition E005","14-08-2024","13-08-2024"
"LOG00000647","16-09-2024","09:34:50",2024,11,"MACH00048","Machine 48","MODEL-9365","Compressor","Omron","FAC08","Factory 8","LINE018","Assembly Line 18","43.1","62","0.79","34.09",4572,"26.66","Maintenance","58.3","Yes","68.86",3,13,11,2864,"None","No errors","06-12-2024","07-04-2024"
"LOG00000648","15-01-2024","06:58:37",2024,5,"MACH00049","Machine 49","MODEL-4727","CNC Machine","Siemens","FAC01","Factory 1","LINE019","Assembly Line 19","32.4","49.6","7.51","24.6",923,"33.37","Error","85.01","No","70.45",15,2,18,5504,"E001","Error condition E001","01-05-2024","12-01-2024"
"LOG00000649","05-09-2024","19:58:21",2024,8,"MACH00050","Machine 50","MODEL-9572","Hydraulic Press","ABB","FAC02","Factory 2","LINE020","Assembly Line 20","37.9","39.7","7.35","12.09",6213,"17.61","Stopped","51.27","Yes","62.26",17,15,13,6740,"E002","Error condition E002","19-07-2024","02-12-2024"
"LOG00000650","25-11-2024","09:37:27",2024,7,"MACH00051","Machine 51","MODEL-9146","Conveyor","Fanuc","FAC03","Factory 3","LINE021","Assembly Line 21","28.6","45.8","3.68","39.44",9220,"16.97","Running","63.07","Yes","76.03",17,16,8,2292,"E003","Error condition E003","25-05-2024","24-03-2024"
"LOG00000651","16-12-2024","07:02:11",2024,1,"MACH00052","Machine 52","MODEL-6234","Robot Arm","KUKA","FAC04","Factory 4","LINE022","Assembly Line 22","42.2","41.7","7.76","7.34",8584,"33.57","Idle","88.31","No","94.81",15,3,2,619,"E004","Error condition E004","17-10-2024","10-05-2024"
"LOG00000652","03-10-2024","17:46:27",2024,10,"MACH00053","Machine 53","MODEL-9893","Welder","Bosch","FAC05","Factory 5","LINE023","Assembly Line 23","72","42","2.39","34.12",7396,"21.41","Maintenance","86.24","No","95.1",11,3,16,258,"E005","Error condition E005","06-05-2024","25-05-2024"
"LOG00000653","24-02-2024","09:50:28",2024,7,"MACH00054","Machine 54","MODEL-8311","Drill","Mitsubishi","FAC06","Factory 6","LINE024","Assembly Line 24","42.3","63.9","1.94","28.04",4692,"32.23","Error","56.72","Yes","93.52",9,2,15,7778,"None","No errors","03-07-2024","21-05-2024"
"LOG00000654","01-01-2024","09:47:06",2024,6,"MACH00055","Machine 55","MODEL-9377","Lathe","Yaskawa","FAC07","Factory 7","LINE025","Assembly Line 25","70.5","55.7","7.42","7.66",6207,"48.85","Stopped","90.92","No","97.47",17,1,1,7335,"E001","Error condition E001","18-03-2024","19-02-2024"
"LOG00000655","04-06-2024","14:25:32",2024,4,"MACH00056","Machine 56","MODEL-7890","Compressor","Omron","FAC08","Factory 8","LINE026","Assembly Line 26","25.8","64.1","8.99","45.21",717,"6.8","Running","55.79","Yes","91.72",23,10,20,1544,"E002","Error condition E002","21-03-2024","10-03-2024"
"LOG00000656","23-07-2024","19:00:31",2024,7,"MACH00057","Machine 57","MODEL-6508","CNC Machine","Siemens","FAC01","Factory 1","LINE027","Assembly Line 27","29.8","40.8","8.99","6.93",1239,"35.53","Idle","65.21","Yes","82.77",18,11,12,2832,"E003","Error condition E003","04-08-2024","14-01-2024"
"LOG00000657","10-01-2024","22:41:02",2024,3,"MACH00058","Machine 58","MODEL-5025","Hydraulic Press","ABB","FAC02","Factory 2","LINE028","Assembly Line 28","71.1","60.1","9.33","33.76",3962,"22.82","Maintenance","72.37","No","69.08",9,11,16,1478,"E004","Error condition E004","09-11-2024","09-04-2024"
"LOG00000658","28-09-2024","02:31:29",2024,2,"MACH00059","Machine 59","MODEL-5656","Conveyor","Fanuc","FAC03","Factory 3","LINE029","Assembly Line 29","29.2","37","4.14","21.76",7239,"30.71","Error","57.77","Yes","70.34",7,23,0,2088,"E005","Error condition E005","23-07-2024","20-11-2024"
"LOG00000659","12-09-2024","08:32:36",2024,2,"MACH00060","Machine 60","MODEL-6389","Robot Arm","KUKA","FAC04","Factory 4","LINE030","Assembly Line 30","76.3","68.8","6.86","26.27",2650,"27.38","Stopped","70.42","No","94.47",1,5,4,7415,"None","No errors","08-11-2024","23-04-2024"
"LOG00000660","26-12-2024","18:01:20",2024,9,"MACH00061","Machine 61","MODEL-9920","Welder","Bosch","FAC05","Factory 5","LINE001","Assembly Line 1","32","61.6","3.58","4.76",1122,"35.88","Running","57.48","Yes","66.88",2,16,4,8924,"E001","Error condition E001","15-02-2024","03-07-2024"
"LOG00000661","27-05-2024","12:10:41",2024,3,"MACH00062","Machine 62","MODEL-8049","Drill","Mitsubishi","FAC06","Factory 6","LINE002","Assembly Line 2","52.8","47.9","7.47","3.36",1753,"28.12","Idle","78.72","No","95.73",11,19,3,961,"E002","Error condition E002","14-02-2024","18-08-2024"
"LOG00000662","04-07-2024","12:04:27",2024,4,"MACH00063","Machine 63","MODEL-3054","Lathe","Yaskawa","FAC07","Factory 7","LINE003","Assembly Line 3","38.7","72.9","0.71","27.53",5697,"2.68","Maintenance","72.19","No","93.11",19,23,21,4575,"E003","Error condition E003","07-04-2024","05-06-2024"
"LOG00000663","06-09-2024","07:06:24",2024,1,"MACH00064","Machine 64","MODEL-2250","Compressor","Omron","FAC08","Factory 8","LINE004","Assembly Line 4","48.4","66.9","7.42","15.22",6926,"3.59","Error","86.65","No","95.49",13,6,12,482,"E004","Error condition E004","02-04-2024","06-06-2024"
"LOG00000664","22-11-2024","16:32:14",2024,12,"MACH00065","Machine 65","MODEL-7706","CNC Machine","Siemens","FAC01","Factory 1","LINE005","Assembly Line 5","32.5","59.9","8.75","19.66",4475,"40.17","Stopped","52.14","Yes","87.71",9,24,13,8020,"E005","Error condition E005","02-11-2024","17-09-2024"
"LOG00000665","21-10-2024","14:14:04",2024,2,"MACH00066","Machine 66","MODEL-7831","Hydraulic Press","ABB","FAC02","Factory 2","LINE006","Assembly Line 6","40.4","78.2","4.96","16.74",2034,"41.63","Running","94.4","No","65.02",19,23,0,245,"None","No errors","26-11-2024","28-02-2024"
"LOG00000666","26-09-2024","12:32:52",2024,3,"MACH00067","Machine 67","MODEL-4492","Conveyor","Fanuc","FAC03","Factory 3","LINE007","Assembly Line 7","73.8","44.5","0.71","19.12",4717,"1.12","Idle","84.72","No","87.01",0,24,22,8286,"E001","Error condition E001","02-03-2024","22-11-2024"
"LOG00000667","21-10-2024","10:19:21",2024,2,"MACH00068","Machine 68","MODEL-9529","Robot Arm","KUKA","FAC04","Factory 4","LINE008","Assembly Line 8","35.5","63.8","8.51","33.84",1619,"30.04","Maintenance","79.08","No","60.13",13,3,16,7704,"E002","Error condition E002","25-12-2024","18-12-2024"
"LOG00000668","21-09-2024","12:27:24",2024,4,"MACH00069","Machine 69","MODEL-2007","Welder","Bosch","FAC05","Factory 5","LINE009","Assembly Line 9","25.2","45.9","3.02","14.94",6981,"25.88","Error","51.82","Yes","64.34",23,14,18,8860,"E003","Error condition E003","20-07-2024","25-01-2024"
"LOG00000669","15-01-2024","23:11:42",2024,8,"MACH00070","Machine 70","MODEL-4948","Drill","Mitsubishi","FAC06","Factory 6","LINE010","Assembly Line 10","47.8","57.3","5.99","19.57",2023,"41.57","Stopped","97.4","No","93.9",13,11,0,5774,"E004","Error condition E004","12-05-2024","06-02-2024"
"LOG00000670","12-09-2024","03:57:22",2024,7,"MACH00071","Machine 71","MODEL-3461","Lathe","Yaskawa","FAC07","Factory 7","LINE011","Assembly Line 11","43.4","64.9","3.89","22.2",3229,"9.38","Running","92.59","No","99.96",9,10,24,9685,"E005","Error condition E005","25-09-2024","10-01-2024"
"LOG00000671","15-08-2024","03:59:47",2024,7,"MACH00072","Machine 72","MODEL-6004","Compressor","Omron","FAC08","Factory 8","LINE012","Assembly Line 12","60.7","50.1","1.91","33.86",3532,"11.32","Idle","75.91","No","66.98",23,3,16,7665,"None","No errors","17-12-2024","15-10-2024"
"LOG00000672","02-09-2024","09:45:14",2024,2,"MACH00073","Machine 73","MODEL-6046","CNC Machine","Siemens","FAC01","Factory 1","LINE013","Assembly Line 13","24.1","50.5","3.2","23.2",267,"47.28","Maintenance","85.86","No","94.63",9,23,0,3831,"E001","Error condition E001","24-04-2024","14-12-2024"
"LOG00000673","12-04-2024","20:55:44",2024,10,"MACH00074","Machine 74","MODEL-6282","Hydraulic Press","ABB","FAC02","Factory 2","LINE014","Assembly Line 14","24.3","37.6","4.97","31.73",8710,"26.06","Error","77.68","No","68.64",4,9,14,7615,"E002","Error condition E002","19-12-2024","15-02-2024"
"LOG00000674","14-12-2024","12:30:25",2024,7,"MACH00075","Machine 75","MODEL-2816","Conveyor","Fanuc","FAC03","Factory 3","LINE015","Assembly Line 15","35.3","40.4","5.34","33.67",6757,"23.64","Stopped","89.45","No","61.86",4,23,14,3851,"E003","Error condition E003","20-09-2024","26-11-2024"
"LOG00000675","28-02-2024","05:06:40",2024,8,"MACH00076","Machine 76","MODEL-9245","Robot Arm","KUKA","FAC04","Factory 4","LINE016","Assembly Line 16","64.7","37.2","4.72","17.31",1365,"21.22","Running","84.6","No","70.6",5,19,17,6905,"E004","Error condition E004","07-04-2024","25-11-2024"
"LOG00000676","24-11-2024","13:45:05",2024,10,"MACH00077","Machine 77","MODEL-1970","Welder","Bosch","FAC05","Factory 5","LINE017","Assembly Line 17","27.4","68.6","9.64","36.34",6211,"39.85","Idle","78","No","94.26",1,24,6,1060,"E005","Error condition E005","17-06-2024","19-01-2024"
"LOG00000677","23-07-2024","14:48:00",2024,1,"MACH00078","Machine 78","MODEL-2984","Drill","Mitsubishi","FAC06","Factory 6","LINE018","Assembly Line 18","67.4","37.2","8.36","33.86",3341,"27.09","Maintenance","95.99","No","88.25",0,8,22,4257,"None","No errors","13-05-2024","24-05-2024"
"LOG00000678","08-01-2024","18:42:42",2024,7,"MACH00079","Machine 79","MODEL-5721","Lathe","Yaskawa","FAC07","Factory 7","LINE019","Assembly Line 19","79.6","66.8","6.88","32.86",1959,"25.94","Error","69.9","Yes","92.92",20,24,19,305,"E001","Error condition E001","16-12-2024","02-08-2024"
"LOG00000679","10-01-2024","06:44:24",2024,7,"MACH00080","Machine 80","MODEL-9156","Compressor","Omron","FAC08","Factory 8","LINE020","Assembly Line 20","40","79.9","1.22","17.06",832,"27.17","Stopped","59.81","Yes","71.45",18,0,20,3411,"E002","Error condition E002","04-08-2024","08-10-2024"
"LOG00000680","25-04-2024","10:13:11",2024,12,"MACH00081","Machine 81","MODEL-3263","CNC Machine","Siemens","FAC01","Factory 1","LINE021","Assembly Line 21","59.9","77.5","9.99","34.39",7284,"49.74","Running","51.63","Yes","67.85",19,19,19,1606,"E003","Error condition E003","10-08-2024","25-02-2024"
"LOG00000681","15-03-2024","14:49:44",2024,11,"MACH00082","Machine 82","MODEL-5644","Hydraulic Press","ABB","FAC02","Factory 2","LINE022","Assembly Line 22","73.1","59.3","8.74","15.59",1414,"19.03","Idle","61","Yes","92.31",15,8,21,8153,"E004","Error condition E004","07-11-2024","11-12-2024"
"LOG00000682","10-10-2024","08:47:03",2024,7,"MACH00083","Machine 83","MODEL-5105","Conveyor","Fanuc","FAC03","Factory 3","LINE023","Assembly Line 23","76.9","36.7","8.65","38.45",9854,"29.49","Maintenance","90.97","No","95.96",16,6,24,3065,"E005","Error condition E005","07-04-2024","23-09-2024"
"LOG00000683","28-09-2024","18:34:00",2024,6,"MACH00084","Machine 84","MODEL-4591","Robot Arm","KUKA","FAC04","Factory 4","LINE024","Assembly Line 24","39.7","62","4.51","0.86",5490,"24.24","Error","60.38","Yes","84.06",20,18,9,8351,"None","No errors","14-03-2024","24-09-2024"
"LOG00000684","03-11-2024","21:27:05",2024,10,"MACH00085","Machine 85","MODEL-4303","Welder","Bosch","FAC05","Factory 5","LINE025","Assembly Line 25","56.3","39.2","3.21","34.68",8265,"7.75","Stopped","70.9","No","72.59",23,7,10,6650,"E001","Error condition E001","12-05-2024","25-04-2024"
"LOG00000685","23-12-2024","07:22:29",2024,2,"MACH00086","Machine 86","MODEL-5249","Drill","Mitsubishi","FAC06","Factory 6","LINE026","Assembly Line 26","23.3","66.7","2.45","15.11",7943,"6.08","Running","69.95","Yes","98.98",6,12,20,8635,"E002","Error condition E002","05-11-2024","14-02-2024"
"LOG00000686","24-02-2024","06:27:24",2024,2,"MACH00087","Machine 87","MODEL-5433","Lathe","Yaskawa","FAC07","Factory 7","LINE027","Assembly Line 27","57.5","58.1","0.54","36.03",4772,"8.63","Idle","89.96","No","92.39",22,2,23,6145,"E003","Error condition E003","12-04-2024","19-01-2024"
"LOG00000687","24-10-2024","17:56:08",2024,1,"MACH00088","Machine 88","MODEL-8540","Compressor","Omron","FAC08","Factory 8","LINE028","Assembly Line 28","51.6","59","1.07","10.93",5071,"15.71","Maintenance","51.37","Yes","92.36",13,19,8,6250,"E004","Error condition E004","01-12-2024","26-11-2024"
"LOG00000688","27-11-2024","13:59:36",2024,12,"MACH00089","Machine 89","MODEL-3454","CNC Machine","Siemens","FAC01","Factory 1","LINE029","Assembly Line 29","31.7","53.4","1.47","23.09",7342,"0.06","Error","94.54","No","81.15",22,7,20,2125,"E005","Error condition E005","20-11-2024","18-12-2024"
"LOG00000689","10-11-2024","17:41:41",2024,12,"MACH00090","Machine 90","MODEL-5766","Hydraulic Press","ABB","FAC02","Factory 2","LINE030","Assembly Line 30","40.4","47.5","6.91","46.77",3178,"38.15","Stopped","66.81","Yes","83.5",24,14,22,6048,"None","No errors","12-11-2024","22-10-2024"
"LOG00000690","08-01-2024","20:09:38",2024,9,"MACH00091","Machine 91","MODEL-6868","Conveyor","Fanuc","FAC03","Factory 3","LINE001","Assembly Line 1","59.3","62.4","0.6","47.82",4973,"7.13","Running","53","Yes","80.57",13,2,14,3306,"E001","Error condition E001","26-06-2024","07-04-2024"
"LOG00000691","08-09-2024","14:00:43",2024,11,"MACH00092","Machine 92","MODEL-6922","Robot Arm","KUKA","FAC04","Factory 4","LINE002","Assembly Line 2","41.6","54","4.01","9.99",5500,"24.71","Idle","81.25","No","87.94",7,6,3,1069,"E002","Error condition E002","17-07-2024","02-12-2024"
"LOG00000692","11-02-2024","20:45:58",2024,9,"MACH00093","Machine 93","MODEL-1324","Welder","Bosch","FAC05","Factory 5","LINE003","Assembly Line 3","29.3","50.1","3.69","15.36",5671,"36.32","Maintenance","71.81","No","93.08",8,20,15,5595,"E003","Error condition E003","02-08-2024","26-08-2024"
"LOG00000693","15-06-2024","10:26:06",2024,11,"MACH00094","Machine 94","MODEL-8780","Drill","Mitsubishi","FAC06","Factory 6","LINE004","Assembly Line 4","42.8","44.6","8.31","24.89",7657,"28.61","Error","64.43","Yes","89.27",2,0,23,738,"E004","Error condition E004","19-08-2024","16-03-2024"
"LOG00000694","21-06-2024","05:50:54",2024,5,"MACH00095","Machine 95","MODEL-1429","Lathe","Yaskawa","FAC07","Factory 7","LINE005","Assembly Line 5","29.7","55.7","7.44","22.8",609,"20.67","Stopped","96.12","No","97.18",2,17,18,7831,"E005","Error condition E005","01-09-2024","17-07-2024"
"LOG00000695","27-06-2024","18:54:44",2024,5,"MACH00096","Machine 96","MODEL-8153","Compressor","Omron","FAC08","Factory 8","LINE006","Assembly Line 6","42.7","67.8","3.94","2.82",4420,"46.39","Running","91.16","No","93.64",9,23,17,2699,"None","No errors","27-01-2024","13-08-2024"
"LOG00000696","27-11-2024","08:11:25",2024,2,"MACH00097","Machine 97","MODEL-2440","CNC Machine","Siemens","FAC01","Factory 1","LINE007","Assembly Line 7","41","79.3","4.03","11.04",5003,"20.96","Idle","50.86","Yes","66.25",19,17,15,8984,"E001","Error condition E001","26-07-2024","09-05-2024"
"LOG00000697","17-03-2024","19:17:56",2024,4,"MACH00098","Machine 98","MODEL-3681","Hydraulic Press","ABB","FAC02","Factory 2","LINE008","Assembly Line 8","62.5","74.6","3.7","19",2452,"25.58","Maintenance","90.56","No","62.39",17,13,13,6804,"E002","Error condition E002","18-02-2024","03-08-2024"
"LOG00000698","06-03-2024","21:16:58",2024,4,"MACH00099","Machine 99","MODEL-2576","Conveyor","Fanuc","FAC03","Factory 3","LINE009","Assembly Line 9","26.4","52.8","9.02","28.37",8362,"40.78","Error","62.42","Yes","90.9",11,18,8,3155,"E003","Error condition E003","28-06-2024","11-11-2024"
"LOG00000699","14-04-2024","02:10:39",2024,1,"MACH00100","Machine 100","MODEL-2535","Robot Arm","KUKA","FAC04","Factory 4","LINE010","Assembly Line 10","78.5","63.1","6.84","22.21",5435,"40.21","Stopped","82.67","No","89.11",21,1,7,3098,"E004","Error condition E004","22-09-2024","02-12-2024"
"LOG00000700","05-11-2024","04:58:17",2024,7,"MACH00001","Machine 1","MODEL-2939","Welder","Bosch","FAC05","Factory 5","LINE011","Assembly Line 11","68.3","46.5","7.49","39.06",3150,"10","Running","58.16","Yes","93.1",1,5,11,533,"E005","Error condition E005","08-09-2024","23-05-2024"
"LOG00000701","28-10-2024","02:36:40",2024,8,"MACH00002","Machine 2","MODEL-7364","Drill","Mitsubishi","FAC06","Factory 6","LINE012","Assembly Line 12","34.3","69.8","5.3","16.47",5400,"0.9","Idle","82.51","No","66.98",22,9,19,3294,"None","No errors","14-05-2024","16-07-2024"
"LOG00000702","15-04-2024","18:36:06",2024,1,"MACH00003","Machine 3","MODEL-8369","Lathe","Yaskawa","FAC07","Factory 7","LINE013","Assembly Line 13","69.8","79.2","2.13","40.93",7252,"12.54","Maintenance","57.56","Yes","63.71",3,2,24,6551,"E001","Error condition E001","22-10-2024","21-04-2024"
"LOG00000703","17-09-2024","08:53:14",2024,11,"MACH00004","Machine 4","MODEL-4582","Compressor","Omron","FAC08","Factory 8","LINE014","Assembly Line 14","53.7","55.7","4.31","40.09",7843,"9.03","Error","98.9","No","66.17",12,13,1,2377,"E002","Error condition E002","01-04-2024","07-12-2024"
"LOG00000704","16-07-2024","06:15:05",2024,8,"MACH00005","Machine 5","MODEL-3067","CNC Machine","Siemens","FAC01","Factory 1","LINE015","Assembly Line 15","32.3","73.3","2.09","0.49",6965,"41.32","Stopped","76.35","No","81.06",9,5,13,7704,"E003","Error condition E003","13-11-2024","16-03-2024"
"LOG00000705","26-03-2024","13:13:12",2024,2,"MACH00006","Machine 6","MODEL-2448","Hydraulic Press","ABB","FAC02","Factory 2","LINE016","Assembly Line 16","57.1","78.2","1.32","40.47",3715,"17.49","Running","62.01","Yes","63.91",19,24,16,8119,"E004","Error condition E004","10-02-2024","09-03-2024"
"LOG00000706","22-11-2024","01:33:22",2024,5,"MACH00007","Machine 7","MODEL-3372","Conveyor","Fanuc","FAC03","Factory 3","LINE017","Assembly Line 17","67.6","70.6","3.24","12.66",8358,"19.95","Idle","85.88","No","77.79",3,1,20,7460,"E005","Error condition E005","08-10-2024","10-11-2024"
"LOG00000707","26-08-2024","16:01:30",2024,1,"MACH00008","Machine 8","MODEL-9442","Robot Arm","KUKA","FAC04","Factory 4","LINE018","Assembly Line 18","58.3","68.6","8.62","25.99",8334,"20.84","Maintenance","80.64","No","84.25",11,11,22,3245,"None","No errors","06-02-2024","16-11-2024"
"LOG00000708","10-08-2024","18:33:30",2024,11,"MACH00009","Machine 9","MODEL-7392","Welder","Bosch","FAC05","Factory 5","LINE019","Assembly Line 19","79.6","60.5","1.61","40.23",2154,"14.99","Error","96.83","No","63.27",14,7,1,7788,"E001","Error condition E001","03-04-2024","24-09-2024"
"LOG00000709","22-02-2024","12:52:20",2024,2,"MACH00010","Machine 10","MODEL-2192","Drill","Mitsubishi","FAC06","Factory 6","LINE020","Assembly Line 20","77.2","43.5","9.9","5.35",2036,"44.26","Stopped","73.36","No","81.32",23,9,16,5712,"E002","Error condition E002","06-11-2024","16-03-2024"
"LOG00000710","18-03-2024","22:19:08",2024,12,"MACH00011","Machine 11","MODEL-7319","Lathe","Yaskawa","FAC07","Factory 7","LINE021","Assembly Line 21","51.5","67.8","0.76","14.07",9278,"14.82","Running","52.06","Yes","76.44",10,2,5,8303,"E003","Error condition E003","24-02-2024","03-02-2024"
"LOG00000711","01-01-2024","04:36:40",2024,10,"MACH00012","Machine 12","MODEL-8129","Compressor","Omron","FAC08","Factory 8","LINE022","Assembly Line 22","65.7","77.5","7.09","48.75",7091,"10.88","Idle","62.67","Yes","93.16",8,21,0,1893,"E004","Error condition E004","08-07-2024","25-03-2024"
"LOG00000712","02-06-2024","13:19:09",2024,12,"MACH00013","Machine 13","MODEL-5649","CNC Machine","Siemens","FAC01","Factory 1","LINE023","Assembly Line 23","23.3","53.2","9.69","49.04",1727,"1.15","Maintenance","94.54","No","79.75",5,19,17,184,"E005","Error condition E005","21-05-2024","09-03-2024"
"LOG00000713","12-02-2024","16:21:57",2024,12,"MACH00014","Machine 14","MODEL-6205","Hydraulic Press","ABB","FAC02","Factory 2","LINE024","Assembly Line 24","77.7","47.1","8.92","39.54",4251,"1.53","Error","80.85","No","66.16",21,22,20,8193,"None","No errors","10-03-2024","28-01-2024"
"LOG00000714","02-11-2024","09:36:38",2024,8,"MACH00015","Machine 15","MODEL-7651","Conveyor","Fanuc","FAC03","Factory 3","LINE025","Assembly Line 25","49.9","39.4","1.57","49.76",6080,"22.09","Stopped","56.24","Yes","87.44",21,23,14,739,"E001","Error condition E001","04-11-2024","25-12-2024"
"LOG00000715","17-12-2024","00:51:25",2024,2,"MACH00016","Machine 16","MODEL-7004","Robot Arm","KUKA","FAC04","Factory 4","LINE026","Assembly Line 26","43","71.4","1.45","10.33",1879,"48.09","Running","70.82","No","71.02",24,6,18,5165,"E002","Error condition E002","25-01-2024","03-11-2024"
"LOG00000716","05-08-2024","17:39:41",2024,5,"MACH00017","Machine 17","MODEL-6771","Welder","Bosch","FAC05","Factory 5","LINE027","Assembly Line 27","72.6","44.4","1.12","18.01",3681,"10.82","Idle","57.08","Yes","63.06",19,20,7,1132,"E003","Error condition E003","02-08-2024","08-01-2024"
"LOG00000717","24-04-2024","19:09:15",2024,6,"MACH00018","Machine 18","MODEL-9870","Drill","Mitsubishi","FAC06","Factory 6","LINE028","Assembly Line 28","28.9","74.5","9.42","43.68",2155,"26.04","Maintenance","76.89","No","99.78",21,10,17,968,"E004","Error condition E004","26-10-2024","09-01-2024"
"LOG00000718","04-03-2024","22:56:27",2024,8,"MACH00019","Machine 19","MODEL-4994","Lathe","Yaskawa","FAC07","Factory 7","LINE029","Assembly Line 29","63.5","76.3","6.35","22.7",1157,"1.56","Error","60.46","Yes","95.33",23,14,5,5490,"E005","Error condition E005","19-12-2024","21-06-2024"
"LOG00000719","12-10-2024","12:02:21",2024,12,"MACH00020","Machine 20","MODEL-5476","Compressor","Omron","FAC08","Factory 8","LINE030","Assembly Line 30","77.9","60.3","8.53","14.69",2214,"23.66","Stopped","86.48","No","88.57",20,24,16,2324,"None","No errors","21-09-2024","19-01-2024"
"LOG00000720","22-08-2024","22:05:48",2024,2,"MACH00021","Machine 21","MODEL-9763","CNC Machine","Siemens","FAC01","Factory 1","LINE001","Assembly Line 1","26.4","30.4","7.64","22.72",9419,"17.67","Running","75","No","78",18,1,16,7393,"E001","Error condition E001","03-01-2024","15-06-2024"
"LOG00000721","16-06-2024","10:15:32",2024,9,"MACH00022","Machine 22","MODEL-8138","Hydraulic Press","ABB","FAC02","Factory 2","LINE002","Assembly Line 2","35.3","68.9","5.61","16.23",4357,"31.64","Idle","91.94","No","97.96",22,21,24,6339,"E002","Error condition E002","09-03-2024","22-05-2024"
"LOG00000722","17-10-2024","10:06:12",2024,11,"MACH00023","Machine 23","MODEL-5827","Conveyor","Fanuc","FAC03","Factory 3","LINE003","Assembly Line 3","45.6","35","3.55","38.46",6637,"6.79","Maintenance","99.79","No","61.24",13,13,11,4213,"E003","Error condition E003","23-06-2024","13-06-2024"
"LOG00000723","21-06-2024","17:18:32",2024,10,"MACH00024","Machine 24","MODEL-4907","Robot Arm","KUKA","FAC04","Factory 4","LINE004","Assembly Line 4","77.5","68.9","1.95","29.09",2272,"45.56","Error","93.92","No","78.28",14,5,21,101,"E004","Error condition E004","27-02-2024","10-08-2024"
"LOG00000724","07-12-2024","15:54:42",2024,1,"MACH00025","Machine 25","MODEL-9609","Welder","Bosch","FAC05","Factory 5","LINE005","Assembly Line 5","31.3","53.2","9.47","11.84",1588,"16.09","Stopped","88.33","No","84.66",14,16,24,5579,"E005","Error condition E005","09-11-2024","11-07-2024"
"LOG00000725","05-03-2024","08:13:56",2024,8,"MACH00026","Machine 26","MODEL-6888","Drill","Mitsubishi","FAC06","Factory 6","LINE006","Assembly Line 6","62.2","49.8","7.27","26.45",9066,"4.46","Running","50.1","Yes","99.12",24,15,9,2639,"None","No errors","07-06-2024","06-11-2024"
"LOG00000726","14-09-2024","21:05:45",2024,3,"MACH00027","Machine 27","MODEL-7646","Lathe","Yaskawa","FAC07","Factory 7","LINE007","Assembly Line 7","53.5","53.3","6.56","26.61",5937,"35.98","Idle","81.11","No","69.87",22,14,13,4669,"E001","Error condition E001","06-04-2024","16-07-2024"
"LOG00000727","10-11-2024","19:04:27",2024,8,"MACH00028","Machine 28","MODEL-2065","Compressor","Omron","FAC08","Factory 8","LINE008","Assembly Line 8","70.7","40.5","2.96","40.39",2951,"28.19","Maintenance","55.46","Yes","89.46",23,19,1,5185,"E002","Error condition E002","25-05-2024","15-06-2024"
"LOG00000728","04-06-2024","13:28:25",2024,12,"MACH00029","Machine 29","MODEL-8083","CNC Machine","Siemens","FAC01","Factory 1","LINE009","Assembly Line 9","54","75.3","8.65","27.06",9379,"43.18","Error","94.65","No","93.54",15,18,22,2498,"E003","Error condition E003","05-02-2024","13-01-2024"
"LOG00000729","12-03-2024","23:47:03",2024,6,"MACH00030","Machine 30","MODEL-5890","Hydraulic Press","ABB","FAC02","Factory 2","LINE010","Assembly Line 10","28.7","71.7","6.96","18.4",1262,"39.77","Stopped","68.93","Yes","75.33",18,16,10,8304,"E004","Error condition E004","14-06-2024","03-11-2024"
"LOG00000730","22-01-2024","16:29:55",2024,5,"MACH00031","Machine 31","MODEL-4813","Conveyor","Fanuc","FAC03","Factory 3","LINE011","Assembly Line 11","65.7","66.7","5.67","47.21",5133,"17.6","Running","71.49","No","92.2",12,15,7,2918,"E005","Error condition E005","22-07-2024","04-05-2024"
"LOG00000731","08-01-2024","06:09:24",2024,11,"MACH00032","Machine 32","MODEL-5369","Robot Arm","KUKA","FAC04","Factory 4","LINE012","Assembly Line 12","38","32.8","7.2","23.01",8836,"34.06","Idle","64","Yes","90.64",14,8,12,4434,"None","No errors","24-11-2024","25-09-2024"
"LOG00000732","12-01-2024","20:56:59",2024,10,"MACH00033","Machine 33","MODEL-4103","Welder","Bosch","FAC05","Factory 5","LINE013","Assembly Line 13","43","56.2","3.44","46.52",1878,"17.62","Maintenance","59.57","Yes","61.3",15,12,6,1675,"E001","Error condition E001","07-12-2024","28-03-2024"
"LOG00000733","13-07-2024","17:12:05",2024,9,"MACH00034","Machine 34","MODEL-9679","Drill","Mitsubishi","FAC06","Factory 6","LINE014","Assembly Line 14","75.8","75.5","6.53","31.52",2134,"29.81","Error","54.5","Yes","94.97",12,4,19,3879,"E002","Error condition E002","05-02-2024","17-05-2024"
"LOG00000734","19-01-2024","17:07:30",2024,8,"MACH00035","Machine 35","MODEL-4535","Lathe","Yaskawa","FAC07","Factory 7","LINE015","Assembly Line 15","64","44.4","8.31","38.85",3469,"29.49","Stopped","52.08","Yes","97.36",6,11,1,5498,"E003","Error condition E003","08-06-2024","23-06-2024"
"LOG00000735","06-02-2024","18:56:36",2024,10,"MACH00036","Machine 36","MODEL-3131","Compressor","Omron","FAC08","Factory 8","LINE016","Assembly Line 16","69.7","73.1","0.66","41.54",1478,"37.45","Running","99.45","No","88.71",3,22,22,9294,"E004","Error condition E004","13-06-2024","19-03-2024"
"LOG00000736","23-06-2024","20:11:47",2024,1,"MACH00037","Machine 37","MODEL-5563","CNC Machine","Siemens","FAC01","Factory 1","LINE017","Assembly Line 17","40.4","54.1","7.8","25.17",5065,"46.65","Idle","79.96","No","97.46",2,3,8,1350,"E005","Error condition E005","10-10-2024","09-01-2024"
"LOG00000737","15-08-2024","07:13:21",2024,9,"MACH00038","Machine 38","MODEL-8268","Hydraulic Press","ABB","FAC02","Factory 2","LINE018","Assembly Line 18","32.3","40.3","9.3","29.53",7894,"37.19","Maintenance","74.68","No","67.53",17,2,12,8477,"None","No errors","14-01-2024","17-03-2024"
"LOG00000738","28-04-2024","19:07:15",2024,8,"MACH00039","Machine 39","MODEL-4192","Conveyor","Fanuc","FAC03","Factory 3","LINE019","Assembly Line 19","26.6","57.7","7.61","47.24",3354,"45.35","Error","54.1","Yes","84.79",6,24,13,9216,"E001","Error condition E001","25-04-2024","26-09-2024"
"LOG00000739","21-11-2024","20:48:46",2024,1,"MACH00040","Machine 40","MODEL-6083","Robot Arm","KUKA","FAC04","Factory 4","LINE020","Assembly Line 20","23.6","63.2","7.94","17.75",2741,"42.78","Stopped","88.13","No","64.37",14,5,13,7499,"E002","Error condition E002","15-03-2024","20-01-2024"
"LOG00000740","28-05-2024","02:04:11",2024,1,"MACH00041","Machine 41","MODEL-8187","Welder","Bosch","FAC05","Factory 5","LINE021","Assembly Line 21","25.9","54.4","7.07","2.87",6236,"21.6","Running","83.49","No","75.22",19,9,0,6508,"E003","Error condition E003","20-12-2024","09-10-2024"
"LOG00000741","06-10-2024","20:14:39",2024,6,"MACH00042","Machine 42","MODEL-1469","Drill","Mitsubishi","FAC06","Factory 6","LINE022","Assembly Line 22","25.3","64.8","9.19","15.56",6312,"43.78","Idle","58.16","Yes","79.7",0,6,15,1208,"E004","Error condition E004","22-11-2024","26-01-2024"
"LOG00000742","25-07-2024","09:31:56",2024,3,"MACH00043","Machine 43","MODEL-4858","Lathe","Yaskawa","FAC07","Factory 7","LINE023","Assembly Line 23","22","35.1","1.32","12.54",6478,"43.78","Maintenance","68.19","Yes","77.92",16,8,13,1060,"E005","Error condition E005","20-09-2024","22-12-2024"
"LOG00000743","27-09-2024","18:05:11",2024,12,"MACH00044","Machine 44","MODEL-3381","Compressor","Omron","FAC08","Factory 8","LINE024","Assembly Line 24","31.1","67.9","7.95","36.55",9705,"23.29","Error","70.29","No","83.88",23,5,23,9121,"None","No errors","07-12-2024","03-12-2024"
"LOG00000744","19-02-2024","05:13:45",2024,11,"MACH00045","Machine 45","MODEL-8902","CNC Machine","Siemens","FAC01","Factory 1","LINE025","Assembly Line 25","76.5","45.1","4.99","49.63",5802,"7.3","Stopped","54.27","Yes","63.63",3,5,18,3208,"E001","Error condition E001","07-03-2024","25-08-2024"
"LOG00000745","14-10-2024","16:55:04",2024,9,"MACH00046","Machine 46","MODEL-7768","Hydraulic Press","ABB","FAC02","Factory 2","LINE026","Assembly Line 26","64.6","39.1","7.37","3.3",7301,"29.86","Running","56.2","Yes","80.03",22,11,21,1370,"E002","Error condition E002","07-02-2024","09-09-2024"
"LOG00000746","25-07-2024","21:55:34",2024,8,"MACH00047","Machine 47","MODEL-9546","Conveyor","Fanuc","FAC03","Factory 3","LINE027","Assembly Line 27","57.6","72.6","1.68","4.36",8935,"31.36","Idle","89.76","No","67.9",7,23,24,6472,"E003","Error condition E003","15-10-2024","26-01-2024"
"LOG00000747","11-07-2024","01:31:36",2024,5,"MACH00048","Machine 48","MODEL-1415","Robot Arm","KUKA","FAC04","Factory 4","LINE028","Assembly Line 28","56.4","75.2","6.82","29.66",8254,"44.93","Maintenance","72.41","No","89.38",23,10,10,9458,"E004","Error condition E004","17-07-2024","05-02-2024"
"LOG00000748","25-01-2024","09:18:48",2024,10,"MACH00049","Machine 49","MODEL-1893","Welder","Bosch","FAC05","Factory 5","LINE029","Assembly Line 29","60.6","38.4","7.53","36.86",5188,"46.83","Error","98.12","No","70.38",17,14,2,6873,"E005","Error condition E005","11-09-2024","21-06-2024"
"LOG00000749","11-05-2024","09:32:26",2024,9,"MACH00050","Machine 50","MODEL-1971","Drill","Mitsubishi","FAC06","Factory 6","LINE030","Assembly Line 30","74.1","39.6","6.14","13.21",2087,"22.29","Stopped","63.7","Yes","76.1",14,13,10,5758,"None","No errors","15-01-2024","17-01-2024"
"LOG00000750","28-12-2024","01:51:37",2024,5,"MACH00051","Machine 51","MODEL-9309","Lathe","Yaskawa","FAC07","Factory 7","LINE001","Assembly Line 1","79.9","70.7","2.2","31.83",5022,"32.5","Running","83.84","No","76.63",11,22,4,3656,"E001","Error condition E001","08-06-2024","21-02-2024"
"LOG00000751","10-02-2024","03:35:05",2024,4,"MACH00052","Machine 52","MODEL-7862","Compressor","Omron","FAC08","Factory 8","LINE002","Assembly Line 2","35.8","41.7","5.29","17.04",827,"31.59","Idle","64.18","Yes","69.78",2,11,23,1194,"E002","Error condition E002","23-08-2024","12-07-2024"
"LOG00000752","05-03-2024","01:06:13",2024,12,"MACH00053","Machine 53","MODEL-4344","CNC Machine","Siemens","FAC01","Factory 1","LINE003","Assembly Line 3","32.3","30.2","1.36","20.75",1750,"32.91","Maintenance","54.75","Yes","79.42",2,22,14,7878,"E003","Error condition E003","07-02-2024","22-04-2024"
"LOG00000753","04-03-2024","10:43:40",2024,9,"MACH00054","Machine 54","MODEL-6303","Hydraulic Press","ABB","FAC02","Factory 2","LINE004","Assembly Line 4","77.7","50.1","5.01","36.62",1036,"12.4","Error","91.35","No","99.74",10,0,12,5892,"E004","Error condition E004","18-10-2024","04-02-2024"
"LOG00000754","19-05-2024","01:48:20",2024,8,"MACH00055","Machine 55","MODEL-3038","Conveyor","Fanuc","FAC03","Factory 3","LINE005","Assembly Line 5","59.8","75","8.74","46.83",2116,"2.17","Stopped","79.11","No","69.15",5,7,16,5629,"E005","Error condition E005","03-02-2024","02-07-2024"
"LOG00000755","05-09-2024","11:05:21",2024,5,"MACH00056","Machine 56","MODEL-7777","Robot Arm","KUKA","FAC04","Factory 4","LINE006","Assembly Line 6","38.6","53.2","2.77","5.16",3255,"49.92","Running","69.75","Yes","89.87",14,15,4,3364,"None","No errors","27-04-2024","07-07-2024"
"LOG00000756","11-04-2024","00:31:00",2024,1,"MACH00057","Machine 57","MODEL-3457","Welder","Bosch","FAC05","Factory 5","LINE007","Assembly Line 7","43.9","33.1","6.47","47.55",3692,"16.08","Idle","62.07","Yes","75.75",11,10,7,4139,"E001","Error condition E001","18-06-2024","12-05-2024"
"LOG00000757","08-06-2024","02:00:49",2024,10,"MACH00058","Machine 58","MODEL-3309","Drill","Mitsubishi","FAC06","Factory 6","LINE008","Assembly Line 8","40.9","38","5.07","16.49",3159,"20.88","Maintenance","79.73","No","76",4,0,20,7237,"E002","Error condition E002","04-03-2024","19-08-2024"
"LOG00000758","14-08-2024","07:56:40",2024,2,"MACH00059","Machine 59","MODEL-7891","Lathe","Yaskawa","FAC07","Factory 7","LINE009","Assembly Line 9","53.3","39.7","8.56","36.6",6318,"30.77","Error","95","No","67.31",20,9,23,5305,"E003","Error condition E003","12-04-2024","06-09-2024"
"LOG00000759","11-11-2024","05:42:49",2024,4,"MACH00060","Machine 60","MODEL-9028","Compressor","Omron","FAC08","Factory 8","LINE010","Assembly Line 10","41.6","59.9","3.1","38.11",2783,"37.76","Stopped","73.35","No","97.71",18,13,6,8323,"E004","Error condition E004","10-03-2024","13-12-2024"
"LOG00000760","26-08-2024","01:13:22",2024,3,"MACH00061","Machine 61","MODEL-2317","CNC Machine","Siemens","FAC01","Factory 1","LINE011","Assembly Line 11","31.3","35.2","1.63","9.85",76,"21.99","Running","79.03","No","97.5",22,9,4,5299,"E005","Error condition E005","26-07-2024","17-03-2024"
"LOG00000761","11-04-2024","16:44:39",2024,8,"MACH00062","Machine 62","MODEL-7786","Hydraulic Press","ABB","FAC02","Factory 2","LINE012","Assembly Line 12","28.3","67.6","5.73","41.22",7488,"19.04","Idle","57.91","Yes","72.6",21,14,20,9985,"None","No errors","01-08-2024","02-02-2024"
"LOG00000762","21-04-2024","09:18:25",2024,4,"MACH00063","Machine 63","MODEL-2771","Conveyor","Fanuc","FAC03","Factory 3","LINE013","Assembly Line 13","27.4","38.2","1.08","14.72",9547,"27.48","Maintenance","84.55","No","80.46",23,20,7,326,"E001","Error condition E001","21-12-2024","08-12-2024"
"LOG00000763","23-04-2024","09:14:35",2024,12,"MACH00064","Machine 64","MODEL-6686","Robot Arm","KUKA","FAC04","Factory 4","LINE014","Assembly Line 14","20.4","38.1","3.49","49.64",9330,"36.83","Error","66.71","Yes","63.72",6,14,15,6813,"E002","Error condition E002","09-03-2024","20-07-2024"
"LOG00000764","14-09-2024","20:15:02",2024,9,"MACH00065","Machine 65","MODEL-7685","Welder","Bosch","FAC05","Factory 5","LINE015","Assembly Line 15","48.8","56.7","3.92","42.93",8809,"16.12","Stopped","81.48","No","62.68",6,24,1,961,"E003","Error condition E003","24-11-2024","17-10-2024"
"LOG00000765","21-10-2024","17:30:43",2024,4,"MACH00066","Machine 66","MODEL-1810","Drill","Mitsubishi","FAC06","Factory 6","LINE016","Assembly Line 16","58","44.7","1.26","47.72",5460,"14.22","Running","74.99","No","97.02",21,24,21,2712,"E004","Error condition E004","22-04-2024","20-04-2024"
"LOG00000766","07-05-2024","21:20:39",2024,10,"MACH00067","Machine 67","MODEL-8570","Lathe","Yaskawa","FAC07","Factory 7","LINE017","Assembly Line 17","27.4","62.9","1.68","44.68",4569,"34.1","Idle","80.52","No","92.86",7,20,23,3667,"E005","Error condition E005","01-07-2024","24-09-2024"
"LOG00000767","11-09-2024","21:57:15",2024,4,"MACH00068","Machine 68","MODEL-7111","Compressor","Omron","FAC08","Factory 8","LINE018","Assembly Line 18","20.3","60.3","4.78","44.47",5090,"49.15","Maintenance","55.96","Yes","87.91",8,22,15,421,"None","No errors","27-11-2024","17-02-2024"
"LOG00000768","04-09-2024","11:53:51",2024,10,"MACH00069","Machine 69","MODEL-5845","CNC Machine","Siemens","FAC01","Factory 1","LINE019","Assembly Line 19","58.5","45.2","4.72","9.72",837,"34.98","Error","92.23","No","74.52",20,16,10,8891,"E001","Error condition E001","15-12-2024","01-02-2024"
"LOG00000769","26-05-2024","03:44:16",2024,1,"MACH00070","Machine 70","MODEL-5477","Hydraulic Press","ABB","FAC02","Factory 2","LINE020","Assembly Line 20","61","37.9","5.17","41.19",8433,"37.56","Stopped","92.42","No","81.71",22,8,18,9715,"E002","Error condition E002","09-04-2024","04-01-2024"
"LOG00000770","04-03-2024","21:32:09",2024,10,"MACH00071","Machine 71","MODEL-6533","Conveyor","Fanuc","FAC03","Factory 3","LINE021","Assembly Line 21","71.3","40.4","2.79","35.98",5450,"39.1","Running","59.07","Yes","87.01",19,5,19,7140,"E003","Error condition E003","22-09-2024","23-10-2024"
"LOG00000771","04-12-2024","16:59:42",2024,12,"MACH00072","Machine 72","MODEL-2056","Robot Arm","KUKA","FAC04","Factory 4","LINE022","Assembly Line 22","57.9","53.5","4.8","23.8",5589,"26.88","Idle","60.9","Yes","91.22",3,24,4,1144,"E004","Error condition E004","11-05-2024","06-12-2024"
"LOG00000772","08-05-2024","18:47:14",2024,5,"MACH00073","Machine 73","MODEL-6357","Welder","Bosch","FAC05","Factory 5","LINE023","Assembly Line 23","79.5","60.1","10","27.32",5574,"1.68","Maintenance","99.26","No","88.24",7,1,3,7982,"E005","Error condition E005","19-09-2024","21-12-2024"
"LOG00000773","23-07-2024","23:36:27",2024,4,"MACH00074","Machine 74","MODEL-4287","Drill","Mitsubishi","FAC06","Factory 6","LINE024","Assembly Line 24","76.5","61.3","7.07","39.32",2254,"2.14","Error","91.92","No","79.41",20,8,8,9708,"None","No errors","11-09-2024","28-11-2024"
"LOG00000774","01-10-2024","08:17:10",2024,11,"MACH00075","Machine 75","MODEL-7626","Lathe","Yaskawa","FAC07","Factory 7","LINE025","Assembly Line 25","67.5","37.6","8.91","36.26",8409,"14.42","Stopped","79.56","No","91.04",12,16,10,136,"E001","Error condition E001","20-09-2024","05-10-2024"
"LOG00000775","16-02-2024","20:26:07",2024,11,"MACH00076","Machine 76","MODEL-2664","Compressor","Omron","FAC08","Factory 8","LINE026","Assembly Line 26","50.6","79.6","2.56","6.91",3956,"10.41","Running","88.21","No","80.88",10,6,1,3791,"E002","Error condition E002","01-01-2024","15-12-2024"
"LOG00000776","26-07-2024","13:01:21",2024,6,"MACH00077","Machine 77","MODEL-4830","CNC Machine","Siemens","FAC01","Factory 1","LINE027","Assembly Line 27","71.3","61.7","9.54","15.5",1900,"42.96","Idle","61.44","Yes","92.27",1,5,3,2130,"E003","Error condition E003","06-06-2024","15-04-2024"
"LOG00000777","13-04-2024","15:03:13",2024,12,"MACH00078","Machine 78","MODEL-5925","Hydraulic Press","ABB","FAC02","Factory 2","LINE028","Assembly Line 28","27","57.5","4.13","0.5",227,"10.59","Maintenance","79.61","No","61.91",22,15,19,9116,"E004","Error condition E004","08-05-2024","28-03-2024"
"LOG00000778","04-04-2024","11:06:23",2024,12,"MACH00079","Machine 79","MODEL-5571","Conveyor","Fanuc","FAC03","Factory 3","LINE029","Assembly Line 29","28.6","42.5","3.28","33.94",5391,"7.16","Error","93.54","No","78.49",18,8,23,7526,"E005","Error condition E005","11-12-2024","06-12-2024"
"LOG00000779","18-04-2024","16:37:57",2024,6,"MACH00080","Machine 80","MODEL-8317","Robot Arm","KUKA","FAC04","Factory 4","LINE030","Assembly Line 30","66.5","61","2.79","29.28",4998,"42.29","Stopped","81.95","No","82.75",17,12,3,7571,"None","No errors","25-08-2024","15-09-2024"
"LOG00000780","09-03-2024","08:21:30",2024,5,"MACH00081","Machine 81","MODEL-6067","Welder","Bosch","FAC05","Factory 5","LINE001","Assembly Line 1","51.4","75.8","9.49","22.71",4805,"30.91","Running","81.79","No","65.14",0,1,20,8367,"E001","Error condition E001","19-04-2024","14-01-2024"
"LOG00000781","13-11-2024","02:34:51",2024,7,"MACH00082","Machine 82","MODEL-9647","Drill","Mitsubishi","FAC06","Factory 6","LINE002","Assembly Line 2","79.3","37.1","2.58","19.36",8982,"46.38","Idle","75.74","No","61.33",23,21,0,7944,"E002","Error condition E002","25-01-2024","19-07-2024"
"LOG00000782","26-11-2024","02:00:44",2024,6,"MACH00083","Machine 83","MODEL-4616","Lathe","Yaskawa","FAC07","Factory 7","LINE003","Assembly Line 3","79.5","64.4","2.77","9.89",6727,"16.26","Maintenance","98.38","No","73.53",1,6,1,8756,"E003","Error condition E003","21-05-2024","20-12-2024"
"LOG00000783","19-03-2024","11:12:56",2024,11,"MACH00084","Machine 84","MODEL-4758","Compressor","Omron","FAC08","Factory 8","LINE004","Assembly Line 4","63.4","36.9","5.91","2.78",8855,"9.2","Error","78.79","No","78.68",0,19,14,8831,"E004","Error condition E004","10-08-2024","25-05-2024"
"LOG00000784","15-11-2024","23:51:47",2024,12,"MACH00085","Machine 85","MODEL-2127","CNC Machine","Siemens","FAC01","Factory 1","LINE005","Assembly Line 5","21.7","53.3","1.66","13.64",4255,"16.93","Stopped","55.22","Yes","79.54",2,18,7,4249,"E005","Error condition E005","23-07-2024","26-02-2024"
"LOG00000785","24-04-2024","20:02:31",2024,1,"MACH00086","Machine 86","MODEL-4759","Hydraulic Press","ABB","FAC02","Factory 2","LINE006","Assembly Line 6","43.5","46.9","1.21","47.65",2892,"20.3","Running","71.55","No","82.12",24,9,8,8482,"None","No errors","12-01-2024","13-04-2024"
"LOG00000786","02-11-2024","14:20:53",2024,5,"MACH00087","Machine 87","MODEL-4780","Conveyor","Fanuc","FAC03","Factory 3","LINE007","Assembly Line 7","57.7","58.6","1.23","9.52",3739,"31.81","Idle","74.73","No","89.87",18,10,19,7287,"E001","Error condition E001","16-12-2024","22-10-2024"
"LOG00000787","19-11-2024","07:47:22",2024,7,"MACH00088","Machine 88","MODEL-4851","Robot Arm","KUKA","FAC04","Factory 4","LINE008","Assembly Line 8","40","70","4.59","25.85",7576,"11.67","Maintenance","54.62","Yes","62.37",14,23,24,6498,"E002","Error condition E002","03-11-2024","26-05-2024"
"LOG00000788","25-03-2024","06:10:11",2024,3,"MACH00089","Machine 89","MODEL-1903","Welder","Bosch","FAC05","Factory 5","LINE009","Assembly Line 9","48.4","47.3","8.88","48.53",4120,"32.03","Error","97.9","No","86.39",23,14,11,147,"E003","Error condition E003","19-08-2024","07-03-2024"
"LOG00000789","05-06-2024","11:00:46",2024,8,"MACH00090","Machine 90","MODEL-3110","Drill","Mitsubishi","FAC06","Factory 6","LINE010","Assembly Line 10","44.3","68.3","3.18","20.43",3797,"47.5","Stopped","54.9","Yes","66.19",12,14,17,466,"E004","Error condition E004","19-12-2024","01-04-2024"
"LOG00000790","06-12-2024","05:20:08",2024,1,"MACH00091","Machine 91","MODEL-9916","Lathe","Yaskawa","FAC07","Factory 7","LINE011","Assembly Line 11","24.9","62.1","7.79","15.09",1047,"45.75","Running","79.23","No","65.2",13,11,21,6093,"E005","Error condition E005","10-03-2024","27-12-2024"
"LOG00000791","16-04-2024","06:21:53",2024,12,"MACH00092","Machine 92","MODEL-9639","Compressor","Omron","FAC08","Factory 8","LINE012","Assembly Line 12","65.3","69","1.88","48.49",9824,"49.7","Idle","98.48","No","66.68",17,13,16,1960,"None","No errors","11-05-2024","23-11-2024"
"LOG00000792","23-04-2024","15:50:28",2024,10,"MACH00093","Machine 93","MODEL-4816","CNC Machine","Siemens","FAC01","Factory 1","LINE013","Assembly Line 13","59.8","71.4","6.97","27.5",9342,"17.52","Maintenance","53.92","Yes","81.37",4,10,17,6158,"E001","Error condition E001","05-02-2024","04-03-2024"
"LOG00000793","01-09-2024","18:31:30",2024,5,"MACH00094","Machine 94","MODEL-8435","Hydraulic Press","ABB","FAC02","Factory 2","LINE014","Assembly Line 14","64.4","40","7.79","48.27",3048,"48.29","Error","51.35","Yes","76.81",14,13,14,196,"E002","Error condition E002","19-09-2024","21-02-2024"
"LOG00000794","2024-02-31","00:39:04",2024,7,"MACH00095","Machine 95","MODEL-4939","Conveyor","Fanuc","FAC03","Factory 3","LINE015","Assembly Line 15","38.7","77.4","6.34","0.41",3378,"25.14","Stopped","88.52","No","70.67",11,9,3,2033,"E003","Error condition E003","04-12-2024","22-12-2024"
"LOG00000795","18-11-2024","03:25:04",2024,7,"MACH00096","Machine 96","MODEL-OneZeroNineTwo","Robot Arm","KUKA","FAC04","Factory 4","LINE016","Assembly Line 16","44.7","43.3","4.18","37.09",1883,"37.9","Running","73.82","No","79.8",23,3,1,8667,"E004","Error condition E004","11-05-2024","19-11-2024"
"LOG00000796","05-01-2024","02:53:49",2024,5,"MACH00097","Machine 97","MODEL-2652","Welder","Bosch","FAC05","Factory 5","LINE017","Assembly Line 17","34.1","62.8","9.53","49.09",4489,"12.52","Idle","55.41","Yes","77.32",6,8,2,4775,"E005","Error condition E005","28-05-2024","01-04-2024"
"LOG00000797","24-03-2024","23:09:23",2024,1,"MACH00098","Machine 98","MODEL-9235","Drill","Mitsubishi","FAC06","Factory 6","LINE018","Assembly Line 18","47.2","75.1","2.78","29.92",9372,"31.92","Maintenance","87.62","No","77.64",8,6,6,7362,"None","No errors","01-10-2024","04-12-2024"
"LOG00000798","04-09-2024","19:05:48",2024,1,"MACH00099","Machine 99","MODEL-2347","Lathe","Yaskawa","FAC07","Factory 7","LINE019","Assembly Line 19","47.9","71.2","9.8","11.24",2447,"43.82","Error","81.41","No","68.78",11,18,12,7286,"E001","Error condition E001","14-07-2024","05-07-2024"
"LOG00000799","16-05-2024","09:15:33",2024,1,"MACH00100","Machine 100","MODEL-5201","Compressor","Omron","FAC08","Factory 8","LINE020","Assembly Line 20","59.1","62.3","4.1","49.47",2511,"7.25","Stopped","88.66","No","78.11",5,16,3,6545,"E002","Error condition E002","22-10-2024","27-01-2024"
"LOG00000800","06-03-2024","09:43:05",2024,9,"MACH00001","Machine 1","MODEL-9103","CNC Machine","Siemens","FAC01","Factory 1","LINE021","Assembly Line 21","37.6","30.5","1.5","0.21",5934,"10.78","Running","85.5","No","66.79",18,23,20,8444,"E003","Error condition E003","03-03-2024","15-09-2024"
